#Date de creation : 201711071221;;;;;;;;;;;;;
#Debut de periode : 201711061221;;;;;;;;;;;;;
#Fin de periode : 201711071221;;;;;;;;;;;;;
#Sites attendus : S0000005;Y6434010;Y6442010;Y6234020;Y6125012;Y6035610;Y6442022;Y6042010;Y6122010;Y6002030;Y6224010;Y6424010;Y6334040;Y6442020
#Entite; Parametre (H ou Q); Reseau (AAAAMMDDHHmm); Valeur (H en m, Q en m3/s);;;;;;;;;;
Y6042010;Q;2,02E+11;7.700;;;;;;;;;;
Y6042010;Q;2,02E+11;7.500;;;;;;;;;;
Y6042010;Q;2,02E+11;7.700;;;;;;;;;;
Y6042010;Q;2,02E+11;7.500;;;;;;;;;;
Y6042010;Q;2,02E+11;7.700;;;;;;;;;;
Y6042010;Q;2,02E+11;7.500;;;;;;;;;;
Y6042010;Q;2,02E+11;7.700;;;;;;;;;;
Y6042010;Q;2,02E+11;7.500;;;;;;;;;;
Y6042010;Q;2,02E+11;7.700;;;;;;;;;;
Y6042010;Q;2,02E+11;7.500;;;;;;;;;;
Y6042010;Q;2,02E+11;7.500;;;;;;;;;;
Y6042010;Q;2,02E+11;7.700;;;;;;;;;;
Y6042010;Q;2,02E+11;7.500;;;;;;;;;;
Y6042010;Q;2,02E+11;7.500;;;;;;;;;;
Y6042010;Q;2,02E+11;7.500;;;;;;;;;;
Y6042010;Q;2,02E+11;7.700;;;;;;;;;;
Y6042010;Q;2,02E+11;7.500;;;;;;;;;;
Y6042010;Q;2,02E+11;7.500;;;;;;;;;;
Y6042010;Q;2,02E+11;7.700;;;;;;;;;;
Y6042010;Q;2,02E+11;7.500;;;;;;;;;;
Y6042010;Q;2,02E+11;7.500;;;;;;;;;;
Y6042010;Q;2,02E+11;7.500;;;;;;;;;;
Y6042010;Q;2,02E+11;7.700;;;;;;;;;;
Y6042010;Q;2,02E+11;7.500;;;;;;;;;;
Y6042010;Q;2,02E+11;7.700;;;;;;;;;;
Y6042010;Q;2,02E+11;7.500;;;;;;;;;;
Y6042010;Q;2,02E+11;7.500;;;;;;;;;;
Y6042010;Q;2,02E+11;7.500;;;;;;;;;;
Y6042010;Q;2,02E+11;7.500;;;;;;;;;;
Y6042010;Q;2,02E+11;7.500;;;;;;;;;;
Y6042010;Q;2,02E+11;7.500;;;;;;;;;;
Y6042010;Q;2,02E+11;7.500;;;;;;;;;;
Y6042010;Q;2,02E+11;7.500;;;;;;;;;;
Y6042010;Q;2,02E+11;7.500;;;;;;;;;;
Y6042010;Q;2,02E+11;7.500;;;;;;;;;;
Y6042010;Q;2,02E+11;7.500;;;;;;;;;;
Y6042010;Q;2,02E+11;7.400;;;;;;;;;;
Y6042010;Q;2,02E+11;7.500;;;;;;;;;;
Y6042010;Q;2,02E+11;7.500;;;;;;;;;;
Y6042010;Q;2,02E+11;7.400;;;;;;;;;;
Y6042010;Q;2,02E+11;7.500;;;;;;;;;;
Y6042010;Q;2,02E+11;7.500;;;;;;;;;;
Y6042010;Q;2,02E+11;7.400;;;;;;;;;;
Y6042010;Q;2,02E+11;7.400;;;;;;;;;;
Y6042010;Q;2,02E+11;7.400;;;;;;;;;;
Y6042010;Q;2,02E+11;7.500;;;;;;;;;;
Y6042010;Q;2,02E+11;7.500;;;;;;;;;;
Y6042010;Q;2,02E+11;7.500;;;;;;;;;;
Y6042010;Q;2,02E+11;7.400;;;;;;;;;;
Y6042010;Q;2,02E+11;7.500;;;;;;;;;;
Y6042010;Q;2,02E+11;7.400;;;;;;;;;;
Y6042010;Q;2,02E+11;7.400;;;;;;;;;;
Y6042010;Q;2,02E+11;7.400;;;;;;;;;;
Y6042010;Q;2,02E+11;7.400;;;;;;;;;;
Y6042010;Q;2,02E+11;7.500;;;;;;;;;;
Y6042010;Q;2,02E+11;7.400;;;;;;;;;;
Y6042010;Q;2,02E+11;7.400;;;;;;;;;;
Y6042010;Q;2,02E+11;7.400;;;;;;;;;;
Y6042010;Q;2,02E+11;7.500;;;;;;;;;;
Y6042010;Q;2,02E+11;7.500;;;;;;;;;;
Y6042010;Q;2,02E+11;7.400;;;;;;;;;;
Y6042010;Q;2,02E+11;7.500;;;;;;;;;;
Y6042010;Q;2,02E+11;7.400;;;;;;;;;;
Y6042010;Q;2,02E+11;7.500;;;;;;;;;;
Y6042010;Q;2,02E+11;7.400;;;;;;;;;;
Y6042010;Q;2,02E+11;7.400;;;;;;;;;;
Y6042010;Q;2,02E+11;7.400;;;;;;;;;;
Y6042010;Q;2,02E+11;7.400;;;;;;;;;;
Y6042010;Q;2,02E+11;7.400;;;;;;;;;;
Y6042010;Q;2,02E+11;7.400;;;;;;;;;;
Y6042010;Q;2,02E+11;7.400;;;;;;;;;;
Y6042010;Q;2,02E+11;7.400;;;;;;;;;;
Y6042010;Q;2,02E+11;7.500;;;;;;;;;;
Y6042010;Q;2,02E+11;7.500;;;;;;;;;;
Y6042010;Q;2,02E+11;7.400;;;;;;;;;;
Y6042010;Q;2,02E+11;7.400;;;;;;;;;;
Y6042010;Q;2,02E+11;7.400;;;;;;;;;;
Y6042010;Q;2,02E+11;7.400;;;;;;;;;;
Y6042010;Q;2,02E+11;7.500;;;;;;;;;;
Y6042010;Q;2,02E+11;7.400;;;;;;;;;;
Y6042010;Q;2,02E+11;7.400;;;;;;;;;;
Y6042010;Q;2,02E+11;7.400;;;;;;;;;;
Y6042010;Q;2,02E+11;7.400;;;;;;;;;;
Y6042010;Q;2,02E+11;7.400;;;;;;;;;;
Y6042010;Q;2,02E+11;7.500;;;;;;;;;;
Y6042010;Q;2,02E+11;7.400;;;;;;;;;;
Y6042010;Q;2,02E+11;7.400;;;;;;;;;;
Y6042010;Q;2,02E+11;7.400;;;;;;;;;;
Y6042010;Q;2,02E+11;7.400;;;;;;;;;;
Y6042010;Q;2,02E+11;7.400;;;;;;;;;;
Y6042010;Q;2,02E+11;7.400;;;;;;;;;;
Y6042010;Q;2,02E+11;7.400;;;;;;;;;;
Y6042010;Q;2,02E+11;7.400;;;;;;;;;;
Y6042010;Q;2,02E+11;7.400;;;;;;;;;;
Y6042010;Q;2,02E+11;7.400;;;;;;;;;;
Y6334040;Q;2,02E+11;3.200;;;;;;;;;;
Y6334040;Q;2,02E+11;3.200;;;;;;;;;;
Y6334040;Q;2,02E+11;3.200;;;;;;;;;;
Y6334040;Q;2,02E+11;3.200;;;;;;;;;;
Y6334040;Q;2,02E+11;3.200;;;;;;;;;;
Y6334040;Q;2,02E+11;3.200;;;;;;;;;;
Y6334040;Q;2,02E+11;3.200;;;;;;;;;;
Y6334040;Q;2,02E+11;3.200;;;;;;;;;;
Y6334040;Q;2,02E+11;3.200;;;;;;;;;;
Y6334040;Q;2,02E+11;3.200;;;;;;;;;;
Y6334040;Q;2,02E+11;3.000;;;;;;;;;;
Y6334040;Q;2,02E+11;3.000;;;;;;;;;;
Y6334040;Q;2,02E+11;3.200;;;;;;;;;;
Y6334040;Q;2,02E+11;3.200;;;;;;;;;;
Y6334040;Q;2,02E+11;3.200;;;;;;;;;;
Y6334040;Q;2,02E+11;3.200;;;;;;;;;;
Y6334040;Q;2,02E+11;3.200;;;;;;;;;;
Y6334040;Q;2,02E+11;3.200;;;;;;;;;;
Y6334040;Q;2,02E+11;3.200;;;;;;;;;;
Y6334040;Q;2,02E+11;3.200;;;;;;;;;;
Y6334040;Q;2,02E+11;3.400;;;;;;;;;;
Y6334040;Q;2,02E+11;3.400;;;;;;;;;;
Y6334040;Q;2,02E+11;3.400;;;;;;;;;;
Y6334040;Q;2,02E+11;3.400;;;;;;;;;;
Y6334040;Q;2,02E+11;3.400;;;;;;;;;;
Y6334040;Q;2,02E+11;3.600;;;;;;;;;;
Y6334040;Q;2,02E+11;3.600;;;;;;;;;;
Y6334040;Q;2,02E+11;3.600;;;;;;;;;;
Y6334040;Q;2,02E+11;3.600;;;;;;;;;;
Y6334040;Q;2,02E+11;3.600;;;;;;;;;;
Y6334040;Q;2,02E+11;3.600;;;;;;;;;;
Y6334040;Q;2,02E+11;3.400;;;;;;;;;;
Y6334040;Q;2,02E+11;3.400;;;;;;;;;;
Y6334040;Q;2,02E+11;3.200;;;;;;;;;;
Y6334040;Q;2,02E+11;3.000;;;;;;;;;;
Y6334040;Q;2,02E+11;2.800;;;;;;;;;;
Y6334040;Q;2,02E+11;2.600;;;;;;;;;;
Y6334040;Q;2,02E+11;2.400;;;;;;;;;;
Y6334040;Q;2,02E+11;2.300;;;;;;;;;;
Y6334040;Q;2,02E+11;2.300;;;;;;;;;;
Y6334040;Q;2,02E+11;2.200;;;;;;;;;;
Y6334040;Q;2,02E+11;2.300;;;;;;;;;;
Y6334040;Q;2,02E+11;2.300;;;;;;;;;;
Y6334040;Q;2,02E+11;2.300;;;;;;;;;;
Y6334040;Q;2,02E+11;2.300;;;;;;;;;;
Y6334040;Q;2,02E+11;2.400;;;;;;;;;;
Y6334040;Q;2,02E+11;2.300;;;;;;;;;;
Y6334040;Q;2,02E+11;2.300;;;;;;;;;;
Y6334040;Q;2,02E+11;2.300;;;;;;;;;;
Y6334040;Q;2,02E+11;2.300;;;;;;;;;;
Y6334040;Q;2,02E+11;2.300;;;;;;;;;;
Y6334040;Q;2,02E+11;2.300;;;;;;;;;;
Y6334040;Q;2,02E+11;2.300;;;;;;;;;;
Y6334040;Q;2,02E+11;2.300;;;;;;;;;;
Y6334040;Q;2,02E+11;2.300;;;;;;;;;;
Y6334040;Q;2,02E+11;2.300;;;;;;;;;;
Y6334040;Q;2,02E+11;2.300;;;;;;;;;;
Y6334040;Q;2,02E+11;2.400;;;;;;;;;;
Y6334040;Q;2,02E+11;2.300;;;;;;;;;;
Y6334040;Q;2,02E+11;2.300;;;;;;;;;;
Y6334040;Q;2,02E+11;2.400;;;;;;;;;;
Y6334040;Q;2,02E+11;2.400;;;;;;;;;;
Y6334040;Q;2,02E+11;2.300;;;;;;;;;;
Y6334040;Q;2,02E+11;2.300;;;;;;;;;;
Y6334040;Q;2,02E+11;2.300;;;;;;;;;;
Y6334040;Q;2,02E+11;2.300;;;;;;;;;;
Y6334040;Q;2,02E+11;2.300;;;;;;;;;;
Y6334040;Q;2,02E+11;2.300;;;;;;;;;;
Y6334040;Q;2,02E+11;2.300;;;;;;;;;;
Y6334040;Q;2,02E+11;2.300;;;;;;;;;;
Y6334040;Q;2,02E+11;2.300;;;;;;;;;;
Y6334040;Q;2,02E+11;2.300;;;;;;;;;;
Y6334040;Q;2,02E+11;2.300;;;;;;;;;;
Y6334040;Q;2,02E+11;2.300;;;;;;;;;;
Y6334040;Q;2,02E+11;2.300;;;;;;;;;;
Y6334040;Q;2,02E+11;2.300;;;;;;;;;;
Y6334040;Q;2,02E+11;2.400;;;;;;;;;;
Y6334040;Q;2,02E+11;2.400;;;;;;;;;;
Y6334040;Q;2,02E+11;2.400;;;;;;;;;;
Y6334040;Q;2,02E+11;2.400;;;;;;;;;;
Y6334040;Q;2,02E+11;2.400;;;;;;;;;;
Y6334040;Q;2,02E+11;2.400;;;;;;;;;;
Y6334040;Q;2,02E+11;2.300;;;;;;;;;;
Y6334040;Q;2,02E+11;2.300;;;;;;;;;;
Y6334040;Q;2,02E+11;2.300;;;;;;;;;;
Y6334040;Q;2,02E+11;2.300;;;;;;;;;;
Y6334040;Q;2,02E+11;2.400;;;;;;;;;;
Y6334040;Q;2,02E+11;2.400;;;;;;;;;;
Y6334040;Q;2,02E+11;2.400;;;;;;;;;;
Y6334040;Q;2,02E+11;2.400;;;;;;;;;;
Y6334040;Q;2,02E+11;2.400;;;;;;;;;;
Y6334040;Q;2,02E+11;2.400;;;;;;;;;;
Y6334040;Q;2,02E+11;2.400;;;;;;;;;;
Y6334040;Q;2,02E+11;2.400;;;;;;;;;;
Y6334040;Q;2,02E+11;2.400;;;;;;;;;;
Y6424010;Q;2,02E+11;0.200;;;;;;;;;;
Y6424010;Q;2,02E+11;0.200;;;;;;;;;;
Y6424010;Q;2,02E+11;0.200;;;;;;;;;;
Y6424010;Q;2,02E+11;0.200;;;;;;;;;;
Y6424010;Q;2,02E+11;0.200;;;;;;;;;;
Y6424010;Q;2,02E+11;0.200;;;;;;;;;;
Y6424010;Q;2,02E+11;0.200;;;;;;;;;;
Y6424010;Q;2,02E+11;0.200;;;;;;;;;;
Y6424010;Q;2,02E+11;0.200;;;;;;;;;;
Y6424010;Q;2,02E+11;0.200;;;;;;;;;;
Y6424010;Q;2,02E+11;0.200;;;;;;;;;;
Y6424010;Q;2,02E+11;0.200;;;;;;;;;;
Y6424010;Q;2,02E+11;0.200;;;;;;;;;;
Y6424010;Q;2,02E+11;0.200;;;;;;;;;;
Y6424010;Q;2,02E+11;0.200;;;;;;;;;;
Y6424010;Q;2,02E+11;0.200;;;;;;;;;;
Y6424010;Q;2,02E+11;0.200;;;;;;;;;;
Y6424010;Q;2,02E+11;0.200;;;;;;;;;;
Y6424010;Q;2,02E+11;0.200;;;;;;;;;;
Y6424010;Q;2,02E+11;0.200;;;;;;;;;;
Y6424010;Q;2,02E+11;0.200;;;;;;;;;;
Y6424010;Q;2,02E+11;0.200;;;;;;;;;;
Y6424010;Q;2,02E+11;0.200;;;;;;;;;;
Y6424010;Q;2,02E+11;0.200;;;;;;;;;;
Y6424010;Q;2,02E+11;0.200;;;;;;;;;;
Y6424010;Q;2,02E+11;0.200;;;;;;;;;;
Y6424010;Q;2,02E+11;0.200;;;;;;;;;;
Y6424010;Q;2,02E+11;0.200;;;;;;;;;;
Y6424010;Q;2,02E+11;0.200;;;;;;;;;;
Y6424010;Q;2,02E+11;0.200;;;;;;;;;;
Y6424010;Q;2,02E+11;0.200;;;;;;;;;;
Y6424010;Q;2,02E+11;0.200;;;;;;;;;;
Y6424010;Q;2,02E+11;0.200;;;;;;;;;;
Y6424010;Q;2,02E+11;0.200;;;;;;;;;;
Y6424010;Q;2,02E+11;0.200;;;;;;;;;;
Y6424010;Q;2,02E+11;0.200;;;;;;;;;;
Y6424010;Q;2,02E+11;0.200;;;;;;;;;;
Y6424010;Q;2,02E+11;0.200;;;;;;;;;;
Y6424010;Q;2,02E+11;0.200;;;;;;;;;;
Y6424010;Q;2,02E+11;0.200;;;;;;;;;;
Y6424010;Q;2,02E+11;0.200;;;;;;;;;;
Y6424010;Q;2,02E+11;0.200;;;;;;;;;;
Y6424010;Q;2,02E+11;0.200;;;;;;;;;;
Y6424010;Q;2,02E+11;0.200;;;;;;;;;;
Y6424010;Q;2,02E+11;0.200;;;;;;;;;;
Y6424010;Q;2,02E+11;0.200;;;;;;;;;;
Y6424010;Q;2,02E+11;0.200;;;;;;;;;;
Y6424010;Q;2,02E+11;0.200;;;;;;;;;;
Y6424010;Q;2,02E+11;0.200;;;;;;;;;;
Y6424010;Q;2,02E+11;0.200;;;;;;;;;;
Y6424010;Q;2,02E+11;0.200;;;;;;;;;;
Y6424010;Q;2,02E+11;0.200;;;;;;;;;;
Y6424010;Q;2,02E+11;0.200;;;;;;;;;;
Y6424010;Q;2,02E+11;0.200;;;;;;;;;;
Y6424010;Q;2,02E+11;0.200;;;;;;;;;;
Y6424010;Q;2,02E+11;0.200;;;;;;;;;;
Y6424010;Q;2,02E+11;0.200;;;;;;;;;;
Y6424010;Q;2,02E+11;0.200;;;;;;;;;;
Y6424010;Q;2,02E+11;0.200;;;;;;;;;;
Y6424010;Q;2,02E+11;0.200;;;;;;;;;;
Y6424010;Q;2,02E+11;0.200;;;;;;;;;;
Y6424010;Q;2,02E+11;0.200;;;;;;;;;;
Y6424010;Q;2,02E+11;0.200;;;;;;;;;;
Y6424010;Q;2,02E+11;0.200;;;;;;;;;;
Y6424010;Q;2,02E+11;0.200;;;;;;;;;;
Y6424010;Q;2,02E+11;0.200;;;;;;;;;;
Y6424010;Q;2,02E+11;0.200;;;;;;;;;;
Y6424010;Q;2,02E+11;0.200;;;;;;;;;;
Y6424010;Q;2,02E+11;0.200;;;;;;;;;;
Y6424010;Q;2,02E+11;0.200;;;;;;;;;;
Y6424010;Q;2,02E+11;0.200;;;;;;;;;;
Y6424010;Q;2,02E+11;0.200;;;;;;;;;;
Y6424010;Q;2,02E+11;0.200;;;;;;;;;;
Y6424010;Q;2,02E+11;0.200;;;;;;;;;;
Y6424010;Q;2,02E+11;0.200;;;;;;;;;;
Y6424010;Q;2,02E+11;0.200;;;;;;;;;;
Y6424010;Q;2,02E+11;0.200;;;;;;;;;;
Y6424010;Q;2,02E+11;0.200;;;;;;;;;;
Y6424010;Q;2,02E+11;0.200;;;;;;;;;;
Y6424010;Q;2,02E+11;0.200;;;;;;;;;;
Y6424010;Q;2,02E+11;0.200;;;;;;;;;;
Y6424010;Q;2,02E+11;0.200;;;;;;;;;;
Y6424010;Q;2,02E+11;0.200;;;;;;;;;;
Y6424010;Q;2,02E+11;0.200;;;;;;;;;;
Y6424010;Q;2,02E+11;0.200;;;;;;;;;;
Y6424010;Q;2,02E+11;0.200;;;;;;;;;;
Y6424010;Q;2,02E+11;0.200;;;;;;;;;;
Y6424010;Q;2,02E+11;0.200;;;;;;;;;;
Y6424010;Q;2,02E+11;0.200;;;;;;;;;;
Y6424010;Q;2,02E+11;0.200;;;;;;;;;;
Y6424010;Q;2,02E+11;0.200;;;;;;;;;;
Y6424010;Q;2,02E+11;0.200;;;;;;;;;;
Y6424010;Q;2,02E+11;0.200;;;;;;;;;;
Y6424010;Q;2,02E+11;0.200;;;;;;;;;;
Y6424010;Q;2,02E+11;0.200;;;;;;;;;;
Y6002030;Q;2,02E+11;1.200;;;;;;;;;;
Y6002030;Q;2,02E+11;1.200;;;;;;;;;;
Y6002030;Q;2,02E+11;1.200;;;;;;;;;;
Y6002030;Q;2,02E+11;1.200;;;;;;;;;;
Y6002030;Q;2,02E+11;1.200;;;;;;;;;;
Y6002030;Q;2,02E+11;1.200;;;;;;;;;;
Y6002030;Q;2,02E+11;1.200;;;;;;;;;;
Y6002030;Q;2,02E+11;1.200;;;;;;;;;;
Y6002030;Q;2,02E+11;1.200;;;;;;;;;;
Y6002030;Q;2,02E+11;1.200;;;;;;;;;;
Y6002030;Q;2,02E+11;1.200;;;;;;;;;;
Y6002030;Q;2,02E+11;1.200;;;;;;;;;;
Y6002030;Q;2,02E+11;1.200;;;;;;;;;;
Y6002030;Q;2,02E+11;1.200;;;;;;;;;;
Y6002030;Q;2,02E+11;1.200;;;;;;;;;;
Y6002030;Q;2,02E+11;1.200;;;;;;;;;;
Y6002030;Q;2,02E+11;1.200;;;;;;;;;;
Y6002030;Q;2,02E+11;1.200;;;;;;;;;;
Y6002030;Q;2,02E+11;1.200;;;;;;;;;;
Y6002030;Q;2,02E+11;1.200;;;;;;;;;;
Y6002030;Q;2,02E+11;1.200;;;;;;;;;;
Y6002030;Q;2,02E+11;1.200;;;;;;;;;;
Y6002030;Q;2,02E+11;1.200;;;;;;;;;;
Y6002030;Q;2,02E+11;1.200;;;;;;;;;;
Y6002030;Q;2,02E+11;1.200;;;;;;;;;;
Y6002030;Q;2,02E+11;1.200;;;;;;;;;;
Y6002030;Q;2,02E+11;1.200;;;;;;;;;;
Y6002030;Q;2,02E+11;1.200;;;;;;;;;;
Y6002030;Q;2,02E+11;1.200;;;;;;;;;;
Y6002030;Q;2,02E+11;1.200;;;;;;;;;;
Y6002030;Q;2,02E+11;1.200;;;;;;;;;;
Y6002030;Q;2,02E+11;1.200;;;;;;;;;;
Y6002030;Q;2,02E+11;1.200;;;;;;;;;;
Y6002030;Q;2,02E+11;1.200;;;;;;;;;;
Y6002030;Q;2,02E+11;1.200;;;;;;;;;;
Y6002030;Q;2,02E+11;1.200;;;;;;;;;;
Y6002030;Q;2,02E+11;1.200;;;;;;;;;;
Y6002030;Q;2,02E+11;1.200;;;;;;;;;;
Y6002030;Q;2,02E+11;1.200;;;;;;;;;;
Y6002030;Q;2,02E+11;1.200;;;;;;;;;;
Y6002030;Q;2,02E+11;1.200;;;;;;;;;;
Y6002030;Q;2,02E+11;1.200;;;;;;;;;;
Y6002030;Q;2,02E+11;1.200;;;;;;;;;;
Y6002030;Q;2,02E+11;1.200;;;;;;;;;;
Y6002030;Q;2,02E+11;1.200;;;;;;;;;;
Y6002030;Q;2,02E+11;1.200;;;;;;;;;;
Y6002030;Q;2,02E+11;1.200;;;;;;;;;;
Y6002030;Q;2,02E+11;1.200;;;;;;;;;;
Y6002030;Q;2,02E+11;1.200;;;;;;;;;;
Y6002030;Q;2,02E+11;1.200;;;;;;;;;;
Y6002030;Q;2,02E+11;1.200;;;;;;;;;;
Y6002030;Q;2,02E+11;1.200;;;;;;;;;;
Y6002030;Q;2,02E+11;1.200;;;;;;;;;;
Y6002030;Q;2,02E+11;1.200;;;;;;;;;;
Y6002030;Q;2,02E+11;1.200;;;;;;;;;;
Y6002030;Q;2,02E+11;1.200;;;;;;;;;;
Y6002030;Q;2,02E+11;1.200;;;;;;;;;;
Y6002030;Q;2,02E+11;1.200;;;;;;;;;;
Y6002030;Q;2,02E+11;1.200;;;;;;;;;;
Y6002030;Q;2,02E+11;1.200;;;;;;;;;;
Y6002030;Q;2,02E+11;1.200;;;;;;;;;;
Y6002030;Q;2,02E+11;1.200;;;;;;;;;;
Y6002030;Q;2,02E+11;1.200;;;;;;;;;;
Y6002030;Q;2,02E+11;1.200;;;;;;;;;;
Y6002030;Q;2,02E+11;1.200;;;;;;;;;;
Y6002030;Q;2,02E+11;1.200;;;;;;;;;;
Y6002030;Q;2,02E+11;1.200;;;;;;;;;;
Y6002030;Q;2,02E+11;1.200;;;;;;;;;;
Y6002030;Q;2,02E+11;1.200;;;;;;;;;;
Y6002030;Q;2,02E+11;1.200;;;;;;;;;;
Y6002030;Q;2,02E+11;1.200;;;;;;;;;;
Y6002030;Q;2,02E+11;1.200;;;;;;;;;;
Y6002030;Q;2,02E+11;1.200;;;;;;;;;;
Y6002030;Q;2,02E+11;1.200;;;;;;;;;;
Y6002030;Q;2,02E+11;1.200;;;;;;;;;;
Y6002030;Q;2,02E+11;1.200;;;;;;;;;;
Y6002030;Q;2,02E+11;1.200;;;;;;;;;;
Y6002030;Q;2,02E+11;1.200;;;;;;;;;;
Y6002030;Q;2,02E+11;1.200;;;;;;;;;;
Y6002030;Q;2,02E+11;1.200;;;;;;;;;;
Y6002030;Q;2,02E+11;1.200;;;;;;;;;;
Y6002030;Q;2,02E+11;1.200;;;;;;;;;;
Y6002030;Q;2,02E+11;1.200;;;;;;;;;;
Y6002030;Q;2,02E+11;1.200;;;;;;;;;;
Y6002030;Q;2,02E+11;1.200;;;;;;;;;;
Y6002030;Q;2,02E+11;1.200;;;;;;;;;;
Y6002030;Q;2,02E+11;1.200;;;;;;;;;;
Y6002030;Q;2,02E+11;1.200;;;;;;;;;;
Y6002030;Q;2,02E+11;1.200;;;;;;;;;;
Y6002030;Q;2,02E+11;1.200;;;;;;;;;;
Y6002030;Q;2,02E+11;1.200;;;;;;;;;;
Y6002030;Q;2,02E+11;1.200;;;;;;;;;;
Y6002030;Q;2,02E+11;1.200;;;;;;;;;;
Y6002030;Q;2,02E+11;1.200;;;;;;;;;;
Y6002030;Q;2,02E+11;1.200;;;;;;;;;;
Y6035610;Q;2,02E+11;0.000;;;;;;;;;;
Y6035610;Q;2,02E+11;0.000;;;;;;;;;;
Y6035610;Q;2,02E+11;0.000;;;;;;;;;;
Y6035610;Q;2,02E+11;0.000;;;;;;;;;;
Y6035610;Q;2,02E+11;0.000;;;;;;;;;;
Y6035610;Q;2,02E+11;0.000;;;;;;;;;;
Y6035610;Q;2,02E+11;0.000;;;;;;;;;;
Y6035610;Q;2,02E+11;0.000;;;;;;;;;;
Y6035610;Q;2,02E+11;0.000;;;;;;;;;;
Y6035610;Q;2,02E+11;0.000;;;;;;;;;;
Y6035610;Q;2,02E+11;0.000;;;;;;;;;;
Y6035610;Q;2,02E+11;0.000;;;;;;;;;;
Y6035610;Q;2,02E+11;0.000;;;;;;;;;;
Y6035610;Q;2,02E+11;0.000;;;;;;;;;;
Y6035610;Q;2,02E+11;0.000;;;;;;;;;;
Y6035610;Q;2,02E+11;0.000;;;;;;;;;;
Y6035610;Q;2,02E+11;0.000;;;;;;;;;;
Y6035610;Q;2,02E+11;0.000;;;;;;;;;;
Y6035610;Q;2,02E+11;0.000;;;;;;;;;;
Y6035610;Q;2,02E+11;0.000;;;;;;;;;;
Y6035610;Q;2,02E+11;0.000;;;;;;;;;;
Y6035610;Q;2,02E+11;0.000;;;;;;;;;;
Y6035610;Q;2,02E+11;0.000;;;;;;;;;;
Y6035610;Q;2,02E+11;0.000;;;;;;;;;;
Y6035610;Q;2,02E+11;0.000;;;;;;;;;;
Y6035610;Q;2,02E+11;0.000;;;;;;;;;;
Y6035610;Q;2,02E+11;0.000;;;;;;;;;;
Y6035610;Q;2,02E+11;0.000;;;;;;;;;;
Y6035610;Q;2,02E+11;0.000;;;;;;;;;;
Y6035610;Q;2,02E+11;0.000;;;;;;;;;;
Y6035610;Q;2,02E+11;0.000;;;;;;;;;;
Y6035610;Q;2,02E+11;0.000;;;;;;;;;;
Y6035610;Q;2,02E+11;0.000;;;;;;;;;;
Y6035610;Q;2,02E+11;0.000;;;;;;;;;;
Y6035610;Q;2,02E+11;0.000;;;;;;;;;;
Y6035610;Q;2,02E+11;0.000;;;;;;;;;;
Y6035610;Q;2,02E+11;0.000;;;;;;;;;;
Y6035610;Q;2,02E+11;0.000;;;;;;;;;;
Y6035610;Q;2,02E+11;0.000;;;;;;;;;;
Y6035610;Q;2,02E+11;0.000;;;;;;;;;;
Y6035610;Q;2,02E+11;0.000;;;;;;;;;;
Y6035610;Q;2,02E+11;0.000;;;;;;;;;;
Y6035610;Q;2,02E+11;0.000;;;;;;;;;;
Y6035610;Q;2,02E+11;0.000;;;;;;;;;;
Y6035610;Q;2,02E+11;0.000;;;;;;;;;;
Y6035610;Q;2,02E+11;0.000;;;;;;;;;;
Y6035610;Q;2,02E+11;0.000;;;;;;;;;;
Y6035610;Q;2,02E+11;0.000;;;;;;;;;;
Y6035610;Q;2,02E+11;0.000;;;;;;;;;;
Y6035610;Q;2,02E+11;0.000;;;;;;;;;;
Y6035610;Q;2,02E+11;0.000;;;;;;;;;;
Y6035610;Q;2,02E+11;0.000;;;;;;;;;;
Y6035610;Q;2,02E+11;0.000;;;;;;;;;;
Y6035610;Q;2,02E+11;0.000;;;;;;;;;;
Y6035610;Q;2,02E+11;0.000;;;;;;;;;;
Y6035610;Q;2,02E+11;0.000;;;;;;;;;;
Y6035610;Q;2,02E+11;0.000;;;;;;;;;;
Y6035610;Q;2,02E+11;0.000;;;;;;;;;;
Y6035610;Q;2,02E+11;0.000;;;;;;;;;;
Y6035610;Q;2,02E+11;0.000;;;;;;;;;;
Y6035610;Q;2,02E+11;0.000;;;;;;;;;;
Y6035610;Q;2,02E+11;0.000;;;;;;;;;;
Y6035610;Q;2,02E+11;0.000;;;;;;;;;;
Y6035610;Q;2,02E+11;0.000;;;;;;;;;;
Y6035610;Q;2,02E+11;0.000;;;;;;;;;;
Y6035610;Q;2,02E+11;0.000;;;;;;;;;;
Y6035610;Q;2,02E+11;0.000;;;;;;;;;;
Y6035610;Q;2,02E+11;0.000;;;;;;;;;;
Y6035610;Q;2,02E+11;0.000;;;;;;;;;;
Y6035610;Q;2,02E+11;0.000;;;;;;;;;;
Y6035610;Q;2,02E+11;0.000;;;;;;;;;;
Y6035610;Q;2,02E+11;0.000;;;;;;;;;;
Y6035610;Q;2,02E+11;0.000;;;;;;;;;;
Y6035610;Q;2,02E+11;0.000;;;;;;;;;;
Y6035610;Q;2,02E+11;0.000;;;;;;;;;;
Y6035610;Q;2,02E+11;0.000;;;;;;;;;;
Y6035610;Q;2,02E+11;0.000;;;;;;;;;;
Y6035610;Q;2,02E+11;0.000;;;;;;;;;;
Y6035610;Q;2,02E+11;0.000;;;;;;;;;;
Y6035610;Q;2,02E+11;0.000;;;;;;;;;;
Y6035610;Q;2,02E+11;0.000;;;;;;;;;;
Y6035610;Q;2,02E+11;0.000;;;;;;;;;;
Y6035610;Q;2,02E+11;0.000;;;;;;;;;;
Y6035610;Q;2,02E+11;0.000;;;;;;;;;;
Y6035610;Q;2,02E+11;0.000;;;;;;;;;;
Y6035610;Q;2,02E+11;0.000;;;;;;;;;;
Y6035610;Q;2,02E+11;0.000;;;;;;;;;;
Y6035610;Q;2,02E+11;0.000;;;;;;;;;;
Y6035610;Q;2,02E+11;0.000;;;;;;;;;;
Y6035610;Q;2,02E+11;0.000;;;;;;;;;;
Y6035610;Q;2,02E+11;0.000;;;;;;;;;;
Y6035610;Q;2,02E+11;0.000;;;;;;;;;;
Y6035610;Q;2,02E+11;0.000;;;;;;;;;;
Y6035610;Q;2,02E+11;0.000;;;;;;;;;;
Y6035610;Q;2,02E+11;0.000;;;;;;;;;;
Y6122010;Q;2,02E+11;17.800;;;;;;;;;;
Y6122010;Q;2,02E+11;18.200;;;;;;;;;;
Y6122010;Q;2,02E+11;18.200;;;;;;;;;;
Y6122010;Q;2,02E+11;18.200;;;;;;;;;;
Y6122010;Q;2,02E+11;18.200;;;;;;;;;;
Y6122010;Q;2,02E+11;17.800;;;;;;;;;;
Y6122010;Q;2,02E+11;18.200;;;;;;;;;;
Y6122010;Q;2,02E+11;18.800;;;;;;;;;;
Y6122010;Q;2,02E+11;18.200;;;;;;;;;;
Y6122010;Q;2,02E+11;17.800;;;;;;;;;;
Y6122010;Q;2,02E+11;17.400;;;;;;;;;;
Y6122010;Q;2,02E+11;17.800;;;;;;;;;;
Y6122010;Q;2,02E+11;17.800;;;;;;;;;;
Y6122010;Q;2,02E+11;18.200;;;;;;;;;;
Y6122010;Q;2,02E+11;18.200;;;;;;;;;;
Y6122010;Q;2,02E+11;18.200;;;;;;;;;;
Y6122010;Q;2,02E+11;17.800;;;;;;;;;;
Y6122010;Q;2,02E+11;17.400;;;;;;;;;;
Y6122010;Q;2,02E+11;18.200;;;;;;;;;;
Y6122010;Q;2,02E+11;17.400;;;;;;;;;;
Y6122010;Q;2,02E+11;17.800;;;;;;;;;;
Y6122010;Q;2,02E+11;17.100;;;;;;;;;;
Y6122010;Q;2,02E+11;17.100;;;;;;;;;;
Y6122010;Q;2,02E+11;18.200;;;;;;;;;;
Y6122010;Q;2,02E+11;17.400;;;;;;;;;;
Y6122010;Q;2,02E+11;18.200;;;;;;;;;;
Y6122010;Q;2,02E+11;18.200;;;;;;;;;;
Y6122010;Q;2,02E+11;18.200;;;;;;;;;;
Y6122010;Q;2,02E+11;18.200;;;;;;;;;;
Y6122010;Q;2,02E+11;18.200;;;;;;;;;;
Y6122010;Q;2,02E+11;17.400;;;;;;;;;;
Y6122010;Q;2,02E+11;17.800;;;;;;;;;;
Y6122010;Q;2,02E+11;17.100;;;;;;;;;;
Y6122010;Q;2,02E+11;18.200;;;;;;;;;;
Y6122010;Q;2,02E+11;17.800;;;;;;;;;;
Y6122010;Q;2,02E+11;17.800;;;;;;;;;;
Y6122010;Q;2,02E+11;17.800;;;;;;;;;;
Y6122010;Q;2,02E+11;17.400;;;;;;;;;;
Y6122010;Q;2,02E+11;17.800;;;;;;;;;;
Y6122010;Q;2,02E+11;17.400;;;;;;;;;;
Y6122010;Q;2,02E+11;17.400;;;;;;;;;;
Y6122010;Q;2,02E+11;16.800;;;;;;;;;;
Y6122010;Q;2,02E+11;17.400;;;;;;;;;;
Y6122010;Q;2,02E+11;16.800;;;;;;;;;;
Y6122010;Q;2,02E+11;17.800;;;;;;;;;;
Y6122010;Q;2,02E+11;17.100;;;;;;;;;;
Y6122010;Q;2,02E+11;17.400;;;;;;;;;;
Y6122010;Q;2,02E+11;17.400;;;;;;;;;;
Y6122010;Q;2,02E+11;17.100;;;;;;;;;;
Y6122010;Q;2,02E+11;17.400;;;;;;;;;;
Y6122010;Q;2,02E+11;17.400;;;;;;;;;;
Y6122010;Q;2,02E+11;17.400;;;;;;;;;;
Y6122010;Q;2,02E+11;17.100;;;;;;;;;;
Y6122010;Q;2,02E+11;17.400;;;;;;;;;;
Y6122010;Q;2,02E+11;17.100;;;;;;;;;;
Y6122010;Q;2,02E+11;16.800;;;;;;;;;;
Y6122010;Q;2,02E+11;17.400;;;;;;;;;;
Y6122010;Q;2,02E+11;17.100;;;;;;;;;;
Y6122010;Q;2,02E+11;17.100;;;;;;;;;;
Y6122010;Q;2,02E+11;16.800;;;;;;;;;;
Y6122010;Q;2,02E+11;17.100;;;;;;;;;;
Y6122010;Q;2,02E+11;17.400;;;;;;;;;;
Y6122010;Q;2,02E+11;17.100;;;;;;;;;;
Y6122010;Q;2,02E+11;17.100;;;;;;;;;;
Y6122010;Q;2,02E+11;17.100;;;;;;;;;;
Y6122010;Q;2,02E+11;17.100;;;;;;;;;;
Y6122010;Q;2,02E+11;17.100;;;;;;;;;;
Y6122010;Q;2,02E+11;17.100;;;;;;;;;;
Y6122010;Q;2,02E+11;16.800;;;;;;;;;;
Y6122010;Q;2,02E+11;17.100;;;;;;;;;;
Y6122010;Q;2,02E+11;17.100;;;;;;;;;;
Y6122010;Q;2,02E+11;17.100;;;;;;;;;;
Y6122010;Q;2,02E+11;17.100;;;;;;;;;;
Y6122010;Q;2,02E+11;16.800;;;;;;;;;;
Y6122010;Q;2,02E+11;17.400;;;;;;;;;;
Y6122010;Q;2,02E+11;17.100;;;;;;;;;;
Y6122010;Q;2,02E+11;17.100;;;;;;;;;;
Y6122010;Q;2,02E+11;17.100;;;;;;;;;;
Y6122010;Q;2,02E+11;16.800;;;;;;;;;;
Y6122010;Q;2,02E+11;17.100;;;;;;;;;;
Y6122010;Q;2,02E+11;16.800;;;;;;;;;;
Y6122010;Q;2,02E+11;16.400;;;;;;;;;;
Y6122010;Q;2,02E+11;16.800;;;;;;;;;;
Y6122010;Q;2,02E+11;16.800;;;;;;;;;;
Y6122010;Q;2,02E+11;16.400;;;;;;;;;;
Y6122010;Q;2,02E+11;16.100;;;;;;;;;;
Y6122010;Q;2,02E+11;17.100;;;;;;;;;;
Y6122010;Q;2,02E+11;16.800;;;;;;;;;;
Y6122010;Q;2,02E+11;16.800;;;;;;;;;;
Y6122010;Q;2,02E+11;16.800;;;;;;;;;;
Y6122010;Q;2,02E+11;16.800;;;;;;;;;;
Y6122010;Q;2,02E+11;16.400;;;;;;;;;;
Y6122010;Q;2,02E+11;16.400;;;;;;;;;;
Y6122010;Q;2,02E+11;16.400;;;;;;;;;;
Y6122010;Q;2,02E+11;16.800;;;;;;;;;;
Y6442020;Q;2,02E+11;75.100;;;;;;;;;;
Y6442020;Q;2,02E+11;74.200;;;;;;;;;;
Y6442020;Q;2,02E+11;72.200;;;;;;;;;;
Y6442020;Q;2,02E+11;78.100;;;;;;;;;;
Y6442020;Q;2,02E+11;84.900;;;;;;;;;;
Y6442020;Q;2,02E+11;84.900;;;;;;;;;;
Y6442020;Q;2,02E+11;84.900;;;;;;;;;;
Y6442020;Q;2,02E+11;84.900;;;;;;;;;;
Y6442020;Q;2,02E+11;84.900;;;;;;;;;;
Y6442020;Q;2,02E+11;84.900;;;;;;;;;;
Y6442020;Q;2,02E+11;82.900;;;;;;;;;;
Y6442020;Q;2,02E+11;81.900;;;;;;;;;;
Y6442020;Q;2,02E+11;81.900;;;;;;;;;;
Y6442020;Q;2,02E+11;81.900;;;;;;;;;;
Y6442020;Q;2,02E+11;81.900;;;;;;;;;;
Y6442020;Q;2,02E+11;81.900;;;;;;;;;;
Y6442020;Q;2,02E+11;81.900;;;;;;;;;;
Y6442020;Q;2,02E+11;81.900;;;;;;;;;;
Y6442020;Q;2,02E+11;81.900;;;;;;;;;;
Y6442020;Q;2,02E+11;81.900;;;;;;;;;;
Y6442020;Q;2,02E+11;81.900;;;;;;;;;;
Y6442020;Q;2,02E+11;81.000;;;;;;;;;;
Y6442020;Q;2,02E+11;81.000;;;;;;;;;;
Y6442020;Q;2,02E+11;81.000;;;;;;;;;;
Y6442020;Q;2,02E+11;81.000;;;;;;;;;;
Y6442020;Q;2,02E+11;81.000;;;;;;;;;;
Y6442020;Q;2,02E+11;81.000;;;;;;;;;;
Y6442020;Q;2,02E+11;81.000;;;;;;;;;;
Y6442020;Q;2,02E+11;81.000;;;;;;;;;;
Y6442020;Q;2,02E+11;81.000;;;;;;;;;;
Y6442020;Q;2,02E+11;81.000;;;;;;;;;;
Y6442020;Q;2,02E+11;81.000;;;;;;;;;;
Y6442020;Q;2,02E+11;81.000;;;;;;;;;;
Y6442020;Q;2,02E+11;81.000;;;;;;;;;;
Y6442020;Q;2,02E+11;81.000;;;;;;;;;;
Y6442020;Q;2,02E+11;81.000;;;;;;;;;;
Y6442020;Q;2,02E+11;81.000;;;;;;;;;;
Y6442020;Q;2,02E+11;81.000;;;;;;;;;;
Y6442020;Q;2,02E+11;81.000;;;;;;;;;;
Y6442020;Q;2,02E+11;81.000;;;;;;;;;;
Y6442020;Q;2,02E+11;81.000;;;;;;;;;;
Y6442020;Q;2,02E+11;81.000;;;;;;;;;;
Y6442020;Q;2,02E+11;81.000;;;;;;;;;;
Y6442020;Q;2,02E+11;81.000;;;;;;;;;;
Y6442020;Q;2,02E+11;81.000;;;;;;;;;;
Y6442020;Q;2,02E+11;81.000;;;;;;;;;;
Y6442020;Q;2,02E+11;81.000;;;;;;;;;;
Y6442020;Q;2,02E+11;81.000;;;;;;;;;;
Y6442020;Q;2,02E+11;81.000;;;;;;;;;;
Y6442020;Q;2,02E+11;80.000;;;;;;;;;;
Y6442020;Q;2,02E+11;80.000;;;;;;;;;;
Y6442020;Q;2,02E+11;80.000;;;;;;;;;;
Y6442020;Q;2,02E+11;80.000;;;;;;;;;;
Y6442020;Q;2,02E+11;80.000;;;;;;;;;;
Y6442020;Q;2,02E+11;80.000;;;;;;;;;;
Y6442020;Q;2,02E+11;80.000;;;;;;;;;;
Y6442020;Q;2,02E+11;80.000;;;;;;;;;;
Y6442020;Q;2,02E+11;80.000;;;;;;;;;;
Y6442020;Q;2,02E+11;80.000;;;;;;;;;;
Y6442020;Q;2,02E+11;80.000;;;;;;;;;;
Y6442020;Q;2,02E+11;80.000;;;;;;;;;;
Y6442020;Q;2,02E+11;80.000;;;;;;;;;;
Y6442020;Q;2,02E+11;80.000;;;;;;;;;;
Y6442020;Q;2,02E+11;80.000;;;;;;;;;;
Y6442020;Q;2,02E+11;80.000;;;;;;;;;;
Y6442020;Q;2,02E+11;80.000;;;;;;;;;;
Y6442020;Q;2,02E+11;80.000;;;;;;;;;;
Y6442020;Q;2,02E+11;80.000;;;;;;;;;;
Y6442020;Q;2,02E+11;80.000;;;;;;;;;;
Y6442020;Q;2,02E+11;80.000;;;;;;;;;;
Y6442020;Q;2,02E+11;80.000;;;;;;;;;;
Y6442020;Q;2,02E+11;80.000;;;;;;;;;;
Y6442020;Q;2,02E+11;79.000;;;;;;;;;;
Y6442020;Q;2,02E+11;79.000;;;;;;;;;;
Y6442020;Q;2,02E+11;79.000;;;;;;;;;;
Y6442020;Q;2,02E+11;79.000;;;;;;;;;;
Y6442020;Q;2,02E+11;79.000;;;;;;;;;;
Y6442020;Q;2,02E+11;79.000;;;;;;;;;;
Y6442020;Q;2,02E+11;79.000;;;;;;;;;;
Y6442020;Q;2,02E+11;79.000;;;;;;;;;;
Y6442020;Q;2,02E+11;79.000;;;;;;;;;;
Y6442020;Q;2,02E+11;78.100;;;;;;;;;;
Y6442020;Q;2,02E+11;78.100;;;;;;;;;;
Y6442020;Q;2,02E+11;78.100;;;;;;;;;;
Y6442020;Q;2,02E+11;78.100;;;;;;;;;;
Y6442020;Q;2,02E+11;78.100;;;;;;;;;;
Y6442020;Q;2,02E+11;78.100;;;;;;;;;;
Y6442020;Q;2,02E+11;78.100;;;;;;;;;;
Y6442020;Q;2,02E+11;78.100;;;;;;;;;;
Y6442020;Q;2,02E+11;78.100;;;;;;;;;;
Y6442020;Q;2,02E+11;77.100;;;;;;;;;;
Y6442020;Q;2,02E+11;77.100;;;;;;;;;;
Y6442020;Q;2,02E+11;77.100;;;;;;;;;;
Y6442020;Q;2,02E+11;75.100;;;;;;;;;;
Y6442020;Q;2,02E+11;74.200;;;;;;;;;;
Y6224010;Q;2,02E+11;1.500;;;;;;;;;;
Y6224010;Q;2,02E+11;1.500;;;;;;;;;;
Y6224010;Q;2,02E+11;1.500;;;;;;;;;;
Y6224010;Q;2,02E+11;1.500;;;;;;;;;;
Y6224010;Q;2,02E+11;1.500;;;;;;;;;;
Y6224010;Q;2,02E+11;1.600;;;;;;;;;;
Y6224010;Q;2,02E+11;1.600;;;;;;;;;;
Y6224010;Q;2,02E+11;1.600;;;;;;;;;;
Y6224010;Q;2,02E+11;1.500;;;;;;;;;;
Y6224010;Q;2,02E+11;1.500;;;;;;;;;;
Y6224010;Q;2,02E+11;1.500;;;;;;;;;;
Y6224010;Q;2,02E+11;1.500;;;;;;;;;;
Y6224010;Q;2,02E+11;1.500;;;;;;;;;;
Y6224010;Q;2,02E+11;1.500;;;;;;;;;;
Y6224010;Q;2,02E+11;1.500;;;;;;;;;;
Y6224010;Q;2,02E+11;1.500;;;;;;;;;;
Y6224010;Q;2,02E+11;1.600;;;;;;;;;;
Y6224010;Q;2,02E+11;1.500;;;;;;;;;;
Y6224010;Q;2,02E+11;1.600;;;;;;;;;;
Y6224010;Q;2,02E+11;1.500;;;;;;;;;;
Y6224010;Q;2,02E+11;1.500;;;;;;;;;;
Y6224010;Q;2,02E+11;1.600;;;;;;;;;;
Y6224010;Q;2,02E+11;1.500;;;;;;;;;;
Y6224010;Q;2,02E+11;1.500;;;;;;;;;;
Y6224010;Q;2,02E+11;1.500;;;;;;;;;;
Y6224010;Q;2,02E+11;1.500;;;;;;;;;;
Y6224010;Q;2,02E+11;1.600;;;;;;;;;;
Y6224010;Q;2,02E+11;1.600;;;;;;;;;;
Y6224010;Q;2,02E+11;1.600;;;;;;;;;;
Y6224010;Q;2,02E+11;1.500;;;;;;;;;;
Y6224010;Q;2,02E+11;1.500;;;;;;;;;;
Y6224010;Q;2,02E+11;1.500;;;;;;;;;;
Y6224010;Q;2,02E+11;1.500;;;;;;;;;;
Y6224010;Q;2,02E+11;1.600;;;;;;;;;;
Y6224010;Q;2,02E+11;1.600;;;;;;;;;;
Y6224010;Q;2,02E+11;1.500;;;;;;;;;;
Y6224010;Q;2,02E+11;1.500;;;;;;;;;;
Y6224010;Q;2,02E+11;1.600;;;;;;;;;;
Y6224010;Q;2,02E+11;1.500;;;;;;;;;;
Y6224010;Q;2,02E+11;1.500;;;;;;;;;;
Y6224010;Q;2,02E+11;1.500;;;;;;;;;;
Y6224010;Q;2,02E+11;1.500;;;;;;;;;;
Y6224010;Q;2,02E+11;1.500;;;;;;;;;;
Y6224010;Q;2,02E+11;1.500;;;;;;;;;;
Y6224010;Q;2,02E+11;1.500;;;;;;;;;;
Y6224010;Q;2,02E+11;1.600;;;;;;;;;;
Y6224010;Q;2,02E+11;1.500;;;;;;;;;;
Y6224010;Q;2,02E+11;1.600;;;;;;;;;;
Y6224010;Q;2,02E+11;1.600;;;;;;;;;;
Y6224010;Q;2,02E+11;1.600;;;;;;;;;;
Y6224010;Q;2,02E+11;1.600;;;;;;;;;;
Y6224010;Q;2,02E+11;1.600;;;;;;;;;;
Y6224010;Q;2,02E+11;1.600;;;;;;;;;;
Y6224010;Q;2,02E+11;1.600;;;;;;;;;;
Y6224010;Q;2,02E+11;1.600;;;;;;;;;;
Y6224010;Q;2,02E+11;1.600;;;;;;;;;;
Y6224010;Q;2,02E+11;1.600;;;;;;;;;;
Y6224010;Q;2,02E+11;1.600;;;;;;;;;;
Y6224010;Q;2,02E+11;1.600;;;;;;;;;;
Y6224010;Q;2,02E+11;1.600;;;;;;;;;;
Y6224010;Q;2,02E+11;1.600;;;;;;;;;;
Y6224010;Q;2,02E+11;1.600;;;;;;;;;;
Y6224010;Q;2,02E+11;1.600;;;;;;;;;;
Y6224010;Q;2,02E+11;1.600;;;;;;;;;;
Y6224010;Q;2,02E+11;1.600;;;;;;;;;;
Y6224010;Q;2,02E+11;1.600;;;;;;;;;;
Y6224010;Q;2,02E+11;1.600;;;;;;;;;;
Y6224010;Q;2,02E+11;1.600;;;;;;;;;;
Y6224010;Q;2,02E+11;1.600;;;;;;;;;;
Y6224010;Q;2,02E+11;1.600;;;;;;;;;;
Y6224010;Q;2,02E+11;1.600;;;;;;;;;;
Y6224010;Q;2,02E+11;1.600;;;;;;;;;;
Y6224010;Q;2,02E+11;1.600;;;;;;;;;;
Y6224010;Q;2,02E+11;1.500;;;;;;;;;;
Y6224010;Q;2,02E+11;1.600;;;;;;;;;;
Y6224010;Q;2,02E+11;1.500;;;;;;;;;;
Y6224010;Q;2,02E+11;1.600;;;;;;;;;;
Y6224010;Q;2,02E+11;1.500;;;;;;;;;;
Y6224010;Q;2,02E+11;1.500;;;;;;;;;;
Y6224010;Q;2,02E+11;1.600;;;;;;;;;;
Y6224010;Q;2,02E+11;1.500;;;;;;;;;;
Y6224010;Q;2,02E+11;1.500;;;;;;;;;;
Y6224010;Q;2,02E+11;1.500;;;;;;;;;;
Y6224010;Q;2,02E+11;1.500;;;;;;;;;;
Y6224010;Q;2,02E+11;1.500;;;;;;;;;;
Y6224010;Q;2,02E+11;1.500;;;;;;;;;;
Y6224010;Q;2,02E+11;1.500;;;;;;;;;;
Y6224010;Q;2,02E+11;1.500;;;;;;;;;;
Y6224010;Q;2,02E+11;1.500;;;;;;;;;;
Y6224010;Q;2,02E+11;1.500;;;;;;;;;;
Y6224010;Q;2,02E+11;1.500;;;;;;;;;;
Y6224010;Q;2,02E+11;1.500;;;;;;;;;;
Y6224010;Q;2,02E+11;1.500;;;;;;;;;;
Y6224010;Q;2,02E+11;1.500;;;;;;;;;;
Y6224010;Q;2,02E+11;1.500;;;;;;;;;;
Y6442022;Q;2,02E+11;16.000;;;;;;;;;;
Y6442022;Q;2,02E+11;16.200;;;;;;;;;;
Y6442022;Q;2,02E+11;15.900;;;;;;;;;;
Y6442022;Q;2,02E+11;15.900;;;;;;;;;;
Y6442022;Q;2,02E+11;14.700;;;;;;;;;;
Y6442022;Q;2,02E+11;15.400;;;;;;;;;;
Y6442022;Q;2,02E+11;16.000;;;;;;;;;;
Y6442022;Q;2,02E+11;15.900;;;;;;;;;;
Y6442022;Q;2,02E+11;15.900;;;;;;;;;;
Y6442022;Q;2,02E+11;16.500;;;;;;;;;;
Y6442022;Q;2,02E+11;16.200;;;;;;;;;;
Y6442022;Q;2,02E+11;15.400;;;;;;;;;;
Y6442022;Q;2,02E+11;15.400;;;;;;;;;;
Y6442022;Q;2,02E+11;15.900;;;;;;;;;;
Y6442022;Q;2,02E+11;15.900;;;;;;;;;;
Y6442022;Q;2,02E+11;16.500;;;;;;;;;;
Y6442022;Q;2,02E+11;16.200;;;;;;;;;;
Y6442022;Q;2,02E+11;16.000;;;;;;;;;;
Y6442022;Q;2,02E+11;16.000;;;;;;;;;;
Y6442022;Q;2,02E+11;15.900;;;;;;;;;;
Y6442022;Q;2,02E+11;16.000;;;;;;;;;;
Y6442022;Q;2,02E+11;16.000;;;;;;;;;;
Y6442022;Q;2,02E+11;15.400;;;;;;;;;;
Y6442022;Q;2,02E+11;15.900;;;;;;;;;;
Y6442022;Q;2,02E+11;15.900;;;;;;;;;;
Y6442022;Q;2,02E+11;15.400;;;;;;;;;;
Y6442022;Q;2,02E+11;15.900;;;;;;;;;;
Y6442022;Q;2,02E+11;16.000;;;;;;;;;;
Y6442022;Q;2,02E+11;15.400;;;;;;;;;;
Y6442022;Q;2,02E+11;15.400;;;;;;;;;;
Y6442022;Q;2,02E+11;15.400;;;;;;;;;;
Y6442022;Q;2,02E+11;14.700;;;;;;;;;;
Y6442022;Q;2,02E+11;15.900;;;;;;;;;;
Y6442022;Q;2,02E+11;15.400;;;;;;;;;;
Y6442022;Q;2,02E+11;14.700;;;;;;;;;;
Y6442022;Q;2,02E+11;15.900;;;;;;;;;;
Y6442022;Q;2,02E+11;15.400;;;;;;;;;;
Y6442022;Q;2,02E+11;14.700;;;;;;;;;;
Y6442022;Q;2,02E+11;15.400;;;;;;;;;;
Y6442022;Q;2,02E+11;15.400;;;;;;;;;;
Y6442022;Q;2,02E+11;15.400;;;;;;;;;;
Y6442022;Q;2,02E+11;15.400;;;;;;;;;;
Y6442022;Q;2,02E+11;15.900;;;;;;;;;;
Y6442022;Q;2,02E+11;16.000;;;;;;;;;;
Y6442022;Q;2,02E+11;15.900;;;;;;;;;;
Y6442022;Q;2,02E+11;14.700;;;;;;;;;;
Y6442022;Q;2,02E+11;16.000;;;;;;;;;;
Y6442022;Q;2,02E+11;15.900;;;;;;;;;;
Y6442022;Q;2,02E+11;14.700;;;;;;;;;;
Y6442022;Q;2,02E+11;15.400;;;;;;;;;;
Y6442022;Q;2,02E+11;15.900;;;;;;;;;;
Y6442022;Q;2,02E+11;14.700;;;;;;;;;;
Y6442022;Q;2,02E+11;15.900;;;;;;;;;;
Y6442022;Q;2,02E+11;15.900;;;;;;;;;;
Y6442022;Q;2,02E+11;14.700;;;;;;;;;;
Y6442022;Q;2,02E+11;15.400;;;;;;;;;;
Y6442022;Q;2,02E+11;15.400;;;;;;;;;;
Y6442022;Q;2,02E+11;14.000;;;;;;;;;;
Y6442022;Q;2,02E+11;14.700;;;;;;;;;;
Y6442022;Q;2,02E+11;15.900;;;;;;;;;;
Y6442022;Q;2,02E+11;14.700;;;;;;;;;;
Y6442022;Q;2,02E+11;14.700;;;;;;;;;;
Y6442022;Q;2,02E+11;15.400;;;;;;;;;;
Y6442022;Q;2,02E+11;15.400;;;;;;;;;;
Y6442022;Q;2,02E+11;14.000;;;;;;;;;;
Y6442022;Q;2,02E+11;14.700;;;;;;;;;;
Y6442022;Q;2,02E+11;15.400;;;;;;;;;;
Y6442022;Q;2,02E+11;14.700;;;;;;;;;;
Y6442022;Q;2,02E+11;14.700;;;;;;;;;;
Y6442022;Q;2,02E+11;14.700;;;;;;;;;;
Y6442022;Q;2,02E+11;14.700;;;;;;;;;;
Y6442022;Q;2,02E+11;14.000;;;;;;;;;;
Y6442022;Q;2,02E+11;14.700;;;;;;;;;;
Y6442022;Q;2,02E+11;14.700;;;;;;;;;;
Y6442022;Q;2,02E+11;14.700;;;;;;;;;;
Y6442022;Q;2,02E+11;14.000;;;;;;;;;;
Y6442022;Q;2,02E+11;14.700;;;;;;;;;;
Y6442022;Q;2,02E+11;15.400;;;;;;;;;;
Y6442022;Q;2,02E+11;14.700;;;;;;;;;;
Y6442022;Q;2,02E+11;14.000;;;;;;;;;;
Y6442022;Q;2,02E+11;14.700;;;;;;;;;;
Y6442022;Q;2,02E+11;14.700;;;;;;;;;;
Y6442022;Q;2,02E+11;13.200;;;;;;;;;;
Y6442022;Q;2,02E+11;14.700;;;;;;;;;;
Y6442022;Q;2,02E+11;15.400;;;;;;;;;;
Y6442022;Q;2,02E+11;15.900;;;;;;;;;;
Y6442022;Q;2,02E+11;20.400;;;;;;;;;;
Y6442022;Q;2,02E+11;20.400;;;;;;;;;;
Y6442022;Q;2,02E+11;18.600;;;;;;;;;;
Y6442022;Q;2,02E+11;17.200;;;;;;;;;;
Y6442022;Q;2,02E+11;16.700;;;;;;;;;;
Y6442022;Q;2,02E+11;16.500;;;;;;;;;;
Y6442022;Q;2,02E+11;16.400;;;;;;;;;;
Y6442022;Q;2,02E+11;16.200;;;;;;;;;;
Y6442022;Q;2,02E+11;16.000;;;;;;;;;;
Y6434010;Q;2,02E+11;1.600;;;;;;;;;;
Y6434010;Q;2,02E+11;1.600;;;;;;;;;;
Y6434010;Q;2,02E+11;1.600;;;;;;;;;;
Y6434010;Q;2,02E+11;1.600;;;;;;;;;;
Y6434010;Q;2,02E+11;1.600;;;;;;;;;;
Y6434010;Q;2,02E+11;1.600;;;;;;;;;;
Y6434010;Q;2,02E+11;1.600;;;;;;;;;;
Y6434010;Q;2,02E+11;1.600;;;;;;;;;;
Y6434010;Q;2,02E+11;1.600;;;;;;;;;;
Y6434010;Q;2,02E+11;1.600;;;;;;;;;;
Y6434010;Q;2,02E+11;1.400;;;;;;;;;;
Y6434010;Q;2,02E+11;1.600;;;;;;;;;;
Y6434010;Q;2,02E+11;1.600;;;;;;;;;;
Y6434010;Q;2,02E+11;1.600;;;;;;;;;;
Y6434010;Q;2,02E+11;1.600;;;;;;;;;;
Y6434010;Q;2,02E+11;1.400;;;;;;;;;;
Y6434010;Q;2,02E+11;1.400;;;;;;;;;;
Y6434010;Q;2,02E+11;1.400;;;;;;;;;;
Y6434010;Q;2,02E+11;1.400;;;;;;;;;;
Y6434010;Q;2,02E+11;1.400;;;;;;;;;;
Y6434010;Q;2,02E+11;1.400;;;;;;;;;;
Y6434010;Q;2,02E+11;1.400;;;;;;;;;;
Y6434010;Q;2,02E+11;1.400;;;;;;;;;;
Y6434010;Q;2,02E+11;1.400;;;;;;;;;;
Y6434010;Q;2,02E+11;1.400;;;;;;;;;;
Y6434010;Q;2,02E+11;1.400;;;;;;;;;;
Y6434010;Q;2,02E+11;1.400;;;;;;;;;;
Y6434010;Q;2,02E+11;1.400;;;;;;;;;;
Y6434010;Q;2,02E+11;1.400;;;;;;;;;;
Y6434010;Q;2,02E+11;1.400;;;;;;;;;;
Y6434010;Q;2,02E+11;1.400;;;;;;;;;;
Y6434010;Q;2,02E+11;1.400;;;;;;;;;;
Y6434010;Q;2,02E+11;1.400;;;;;;;;;;
Y6434010;Q;2,02E+11;1.400;;;;;;;;;;
Y6434010;Q;2,02E+11;1.400;;;;;;;;;;
Y6434010;Q;2,02E+11;1.400;;;;;;;;;;
Y6434010;Q;2,02E+11;1.400;;;;;;;;;;
Y6434010;Q;2,02E+11;1.400;;;;;;;;;;
Y6434010;Q;2,02E+11;1.400;;;;;;;;;;
Y6434010;Q;2,02E+11;1.400;;;;;;;;;;
Y6434010;Q;2,02E+11;1.400;;;;;;;;;;
Y6434010;Q;2,02E+11;1.400;;;;;;;;;;
Y6434010;Q;2,02E+11;1.400;;;;;;;;;;
Y6434010;Q;2,02E+11;1.400;;;;;;;;;;
Y6434010;Q;2,02E+11;1.400;;;;;;;;;;
Y6434010;Q;2,02E+11;1.400;;;;;;;;;;
Y6434010;Q;2,02E+11;1.400;;;;;;;;;;
Y6434010;Q;2,02E+11;1.400;;;;;;;;;;
Y6434010;Q;2,02E+11;1.400;;;;;;;;;;
Y6434010;Q;2,02E+11;1.400;;;;;;;;;;
Y6434010;Q;2,02E+11;1.400;;;;;;;;;;
Y6434010;Q;2,02E+11;1.400;;;;;;;;;;
Y6434010;Q;2,02E+11;1.400;;;;;;;;;;
Y6434010;Q;2,02E+11;1.400;;;;;;;;;;
Y6434010;Q;2,02E+11;1.400;;;;;;;;;;
Y6434010;Q;2,02E+11;1.400;;;;;;;;;;
Y6434010;Q;2,02E+11;1.400;;;;;;;;;;
Y6434010;Q;2,02E+11;1.400;;;;;;;;;;
Y6434010;Q;2,02E+11;1.400;;;;;;;;;;
Y6434010;Q;2,02E+11;1.400;;;;;;;;;;
Y6434010;Q;2,02E+11;1.400;;;;;;;;;;
Y6434010;Q;2,02E+11;1.400;;;;;;;;;;
Y6434010;Q;2,02E+11;1.400;;;;;;;;;;
Y6434010;Q;2,02E+11;1.400;;;;;;;;;;
Y6434010;Q;2,02E+11;1.400;;;;;;;;;;
Y6434010;Q;2,02E+11;1.400;;;;;;;;;;
Y6434010;Q;2,02E+11;1.400;;;;;;;;;;
Y6434010;Q;2,02E+11;1.400;;;;;;;;;;
Y6434010;Q;2,02E+11;1.400;;;;;;;;;;
Y6434010;Q;2,02E+11;1.400;;;;;;;;;;
Y6434010;Q;2,02E+11;1.400;;;;;;;;;;
Y6434010;Q;2,02E+11;1.400;;;;;;;;;;
Y6434010;Q;2,02E+11;1.400;;;;;;;;;;
Y6434010;Q;2,02E+11;1.400;;;;;;;;;;
Y6434010;Q;2,02E+11;1.400;;;;;;;;;;
Y6434010;Q;2,02E+11;1.400;;;;;;;;;;
Y6434010;Q;2,02E+11;1.400;;;;;;;;;;
Y6434010;Q;2,02E+11;1.400;;;;;;;;;;
Y6434010;Q;2,02E+11;1.400;;;;;;;;;;
Y6434010;Q;2,02E+11;1.400;;;;;;;;;;
Y6434010;Q;2,02E+11;1.400;;;;;;;;;;
Y6434010;Q;2,02E+11;1.400;;;;;;;;;;
Y6434010;Q;2,02E+11;1.400;;;;;;;;;;
Y6434010;Q;2,02E+11;1.400;;;;;;;;;;
Y6434010;Q;2,02E+11;1.400;;;;;;;;;;
Y6434010;Q;2,02E+11;1.400;;;;;;;;;;
Y6434010;Q;2,02E+11;1.400;;;;;;;;;;
Y6434010;Q;2,02E+11;1.400;;;;;;;;;;
Y6434010;Q;2,02E+11;1.400;;;;;;;;;;
Y6434010;Q;2,02E+11;1.400;;;;;;;;;;
Y6434010;Q;2,02E+11;1.400;;;;;;;;;;
Y6434010;Q;2,02E+11;1.400;;;;;;;;;;
Y6434010;Q;2,02E+11;1.400;;;;;;;;;;
Y6434010;Q;2,02E+11;1.400;;;;;;;;;;
Y6434010;Q;2,02E+11;1.400;;;;;;;;;;
Y6442010;Q;2,02E+11;12.700;;;;;;;;;;
Y6442010;Q;2,02E+11;12.700;;;;;;;;;;
Y6442010;Q;2,02E+11;10.800;;;;;;;;;;
Y6442010;Q;2,02E+11;11.400;;;;;;;;;;
Y6442010;Q;2,02E+11;10.100;;;;;;;;;;
Y6442010;Q;2,02E+11;9.500;;;;;;;;;;
Y6442010;Q;2,02E+11;12.000;;;;;;;;;;
Y6442010;Q;2,02E+11;10.800;;;;;;;;;;
Y6442010;Q;2,02E+11;11.400;;;;;;;;;;
Y6442010;Q;2,02E+11;15.500;;;;;;;;;;
Y6442010;Q;2,02E+11;13.300;;;;;;;;;;
Y6442010;Q;2,02E+11;10.800;;;;;;;;;;
Y6442010;Q;2,02E+11;10.800;;;;;;;;;;
Y6442010;Q;2,02E+11;10.800;;;;;;;;;;
Y6442010;Q;2,02E+11;12.000;;;;;;;;;;
Y6442010;Q;2,02E+11;15.500;;;;;;;;;;
Y6442010;Q;2,02E+11;13.300;;;;;;;;;;
Y6442010;Q;2,02E+11;11.400;;;;;;;;;;
Y6442010;Q;2,02E+11;12.700;;;;;;;;;;
Y6442010;Q;2,02E+11;11.400;;;;;;;;;;
Y6442010;Q;2,02E+11;12.000;;;;;;;;;;
Y6442010;Q;2,02E+11;12.000;;;;;;;;;;
Y6442010;Q;2,02E+11;10.800;;;;;;;;;;
Y6442010;Q;2,02E+11;10.800;;;;;;;;;;
Y6442010;Q;2,02E+11;11.400;;;;;;;;;;
Y6442010;Q;2,02E+11;10.100;;;;;;;;;;
Y6442010;Q;2,02E+11;11.400;;;;;;;;;;
Y6442010;Q;2,02E+11;12.000;;;;;;;;;;
Y6442010;Q;2,02E+11;10.800;;;;;;;;;;
Y6442010;Q;2,02E+11;10.100;;;;;;;;;;
Y6442010;Q;2,02E+11;10.100;;;;;;;;;;
Y6442010;Q;2,02E+11;10.100;;;;;;;;;;
Y6442010;Q;2,02E+11;11.400;;;;;;;;;;
Y6442010;Q;2,02E+11;10.800;;;;;;;;;;
Y6442010;Q;2,02E+11;10.100;;;;;;;;;;
Y6442010;Q;2,02E+11;11.400;;;;;;;;;;
Y6442010;Q;2,02E+11;10.100;;;;;;;;;;
Y6442010;Q;2,02E+11;8.900;;;;;;;;;;
Y6442010;Q;2,02E+11;10.800;;;;;;;;;;
Y6442010;Q;2,02E+11;10.800;;;;;;;;;;
Y6442010;Q;2,02E+11;10.100;;;;;;;;;;
Y6442010;Q;2,02E+11;10.800;;;;;;;;;;
Y6442010;Q;2,02E+11;11.400;;;;;;;;;;
Y6442010;Q;2,02E+11;11.400;;;;;;;;;;
Y6442010;Q;2,02E+11;10.800;;;;;;;;;;
Y6442010;Q;2,02E+11;9.500;;;;;;;;;;
Y6442010;Q;2,02E+11;12.000;;;;;;;;;;
Y6442010;Q;2,02E+11;11.400;;;;;;;;;;
Y6442010;Q;2,02E+11;9.500;;;;;;;;;;
Y6442010;Q;2,02E+11;10.800;;;;;;;;;;
Y6442010;Q;2,02E+11;10.800;;;;;;;;;;
Y6442010;Q;2,02E+11;9.500;;;;;;;;;;
Y6442010;Q;2,02E+11;11.400;;;;;;;;;;
Y6442010;Q;2,02E+11;10.800;;;;;;;;;;
Y6442010;Q;2,02E+11;8.900;;;;;;;;;;
Y6442010;Q;2,02E+11;10.800;;;;;;;;;;
Y6442010;Q;2,02E+11;10.800;;;;;;;;;;
Y6442010;Q;2,02E+11;8.900;;;;;;;;;;
Y6442010;Q;2,02E+11;9.500;;;;;;;;;;
Y6442010;Q;2,02E+11;10.800;;;;;;;;;;
Y6442010;Q;2,02E+11;8.900;;;;;;;;;;
Y6442010;Q;2,02E+11;8.900;;;;;;;;;;
Y6442010;Q;2,02E+11;10.800;;;;;;;;;;
Y6442010;Q;2,02E+11;9.500;;;;;;;;;;
Y6442010;Q;2,02E+11;8.900;;;;;;;;;;
Y6442010;Q;2,02E+11;9.500;;;;;;;;;;
Y6442010;Q;2,02E+11;10.800;;;;;;;;;;
Y6442010;Q;2,02E+11;9.500;;;;;;;;;;
Y6442010;Q;2,02E+11;9.500;;;;;;;;;;
Y6442010;Q;2,02E+11;9.500;;;;;;;;;;
Y6442010;Q;2,02E+11;9.500;;;;;;;;;;
Y6442010;Q;2,02E+11;8.900;;;;;;;;;;
Y6442010;Q;2,02E+11;9.500;;;;;;;;;;
Y6442010;Q;2,02E+11;10.100;;;;;;;;;;
Y6442010;Q;2,02E+11;9.500;;;;;;;;;;
Y6442010;Q;2,02E+11;8.900;;;;;;;;;;
Y6442010;Q;2,02E+11;9.500;;;;;;;;;;
Y6442010;Q;2,02E+11;10.100;;;;;;;;;;
Y6442010;Q;2,02E+11;8.900;;;;;;;;;;
Y6442010;Q;2,02E+11;8.900;;;;;;;;;;
Y6442010;Q;2,02E+11;9.500;;;;;;;;;;
Y6442010;Q;2,02E+11;8.900;;;;;;;;;;
Y6442010;Q;2,02E+11;8.200;;;;;;;;;;
Y6442010;Q;2,02E+11;9.500;;;;;;;;;;
Y6442010;Q;2,02E+11;10.100;;;;;;;;;;
Y6442010;Q;2,02E+11;11.400;;;;;;;;;;
Y6442010;Q;2,02E+11;25.200;;;;;;;;;;
Y6442010;Q;2,02E+11;37.300;;;;;;;;;;
Y6442010;Q;2,02E+11;26.600;;;;;;;;;;
Y6442010;Q;2,02E+11;20.000;;;;;;;;;;
Y6442010;Q;2,02E+11;17.800;;;;;;;;;;
Y6442010;Q;2,02E+11;15.500;;;;;;;;;;
Y6442010;Q;2,02E+11;14.400;;;;;;;;;;
Y6442010;Q;2,02E+11;12.700;;;;;;;;;;
Y6442010;Q;2,02E+11;11.400;;;;;;;;;;
Y6234020;Q;2,02E+11;0.000;;;;;;;;;;
Y6234020;Q;2,02E+11;0.000;;;;;;;;;;
Y6234020;Q;2,02E+11;0.000;;;;;;;;;;
Y6234020;Q;2,02E+11;0.000;;;;;;;;;;
Y6234020;Q;2,02E+11;0.000;;;;;;;;;;
Y6234020;Q;2,02E+11;0.000;;;;;;;;;;
Y6234020;Q;2,02E+11;0.000;;;;;;;;;;
Y6234020;Q;2,02E+11;0.000;;;;;;;;;;
Y6234020;Q;2,02E+11;0.000;;;;;;;;;;
Y6234020;Q;2,02E+11;0.000;;;;;;;;;;
Y6234020;Q;2,02E+11;0.000;;;;;;;;;;
Y6234020;Q;2,02E+11;0.000;;;;;;;;;;
Y6234020;Q;2,02E+11;0.000;;;;;;;;;;
Y6234020;Q;2,02E+11;0.000;;;;;;;;;;
Y6234020;Q;2,02E+11;0.000;;;;;;;;;;
Y6234020;Q;2,02E+11;0.000;;;;;;;;;;
Y6234020;Q;2,02E+11;0.000;;;;;;;;;;
Y6234020;Q;2,02E+11;0.000;;;;;;;;;;
Y6234020;Q;2,02E+11;0.000;;;;;;;;;;
Y6234020;Q;2,02E+11;0.000;;;;;;;;;;
Y6234020;Q;2,02E+11;0.000;;;;;;;;;;
Y6234020;Q;2,02E+11;0.000;;;;;;;;;;
Y6234020;Q;2,02E+11;0.000;;;;;;;;;;
Y6234020;Q;2,02E+11;0.000;;;;;;;;;;
Y6234020;Q;2,02E+11;0.000;;;;;;;;;;
Y6234020;Q;2,02E+11;0.000;;;;;;;;;;
Y6234020;Q;2,02E+11;0.000;;;;;;;;;;
Y6234020;Q;2,02E+11;0.000;;;;;;;;;;
Y6234020;Q;2,02E+11;0.000;;;;;;;;;;
Y6234020;Q;2,02E+11;0.000;;;;;;;;;;
Y6234020;Q;2,02E+11;0.000;;;;;;;;;;
Y6234020;Q;2,02E+11;0.000;;;;;;;;;;
Y6234020;Q;2,02E+11;0.000;;;;;;;;;;
Y6234020;Q;2,02E+11;0.000;;;;;;;;;;
Y6234020;Q;2,02E+11;0.000;;;;;;;;;;
Y6234020;Q;2,02E+11;0.000;;;;;;;;;;
Y6234020;Q;2,02E+11;0.000;;;;;;;;;;
Y6234020;Q;2,02E+11;0.000;;;;;;;;;;
Y6234020;Q;2,02E+11;0.000;;;;;;;;;;
Y6234020;Q;2,02E+11;0.000;;;;;;;;;;
Y6234020;Q;2,02E+11;0.000;;;;;;;;;;
Y6234020;Q;2,02E+11;0.000;;;;;;;;;;
Y6234020;Q;2,02E+11;0.000;;;;;;;;;;
Y6234020;Q;2,02E+11;0.000;;;;;;;;;;
Y6234020;Q;2,02E+11;0.000;;;;;;;;;;
Y6234020;Q;2,02E+11;0.000;;;;;;;;;;
Y6234020;Q;2,02E+11;0.000;;;;;;;;;;
Y6234020;Q;2,02E+11;0.000;;;;;;;;;;
Y6234020;Q;2,02E+11;0.000;;;;;;;;;;
Y6234020;Q;2,02E+11;0.000;;;;;;;;;;
Y6234020;Q;2,02E+11;0.000;;;;;;;;;;
Y6234020;Q;2,02E+11;0.000;;;;;;;;;;
Y6234020;Q;2,02E+11;0.000;;;;;;;;;;
Y6234020;Q;2,02E+11;0.000;;;;;;;;;;
Y6234020;Q;2,02E+11;0.000;;;;;;;;;;
Y6234020;Q;2,02E+11;0.000;;;;;;;;;;
Y6234020;Q;2,02E+11;0.000;;;;;;;;;;
Y6234020;Q;2,02E+11;0.000;;;;;;;;;;
Y6234020;Q;2,02E+11;0.000;;;;;;;;;;
Y6234020;Q;2,02E+11;0.000;;;;;;;;;;
Y6234020;Q;2,02E+11;0.000;;;;;;;;;;
Y6234020;Q;2,02E+11;0.000;;;;;;;;;;
Y6234020;Q;2,02E+11;0.000;;;;;;;;;;
Y6234020;Q;2,02E+11;0.000;;;;;;;;;;
Y6234020;Q;2,02E+11;0.000;;;;;;;;;;
Y6234020;Q;2,02E+11;0.000;;;;;;;;;;
Y6234020;Q;2,02E+11;0.000;;;;;;;;;;
Y6234020;Q;2,02E+11;0.000;;;;;;;;;;
Y6234020;Q;2,02E+11;0.000;;;;;;;;;;
Y6234020;Q;2,02E+11;0.000;;;;;;;;;;
Y6234020;Q;2,02E+11;0.000;;;;;;;;;;
Y6234020;Q;2,02E+11;0.000;;;;;;;;;;
Y6234020;Q;2,02E+11;0.000;;;;;;;;;;
Y6234020;Q;2,02E+11;0.000;;;;;;;;;;
Y6234020;Q;2,02E+11;0.000;;;;;;;;;;
Y6234020;Q;2,02E+11;0.000;;;;;;;;;;
Y6234020;Q;2,02E+11;0.000;;;;;;;;;;
Y6234020;Q;2,02E+11;0.000;;;;;;;;;;
Y6234020;Q;2,02E+11;0.000;;;;;;;;;;
Y6234020;Q;2,02E+11;0.000;;;;;;;;;;
Y6234020;Q;2,02E+11;0.000;;;;;;;;;;
Y6234020;Q;2,02E+11;0.000;;;;;;;;;;
Y6234020;Q;2,02E+11;0.000;;;;;;;;;;
Y6234020;Q;2,02E+11;0.000;;;;;;;;;;
Y6234020;Q;2,02E+11;0.000;;;;;;;;;;
Y6234020;Q;2,02E+11;0.000;;;;;;;;;;
Y6234020;Q;2,02E+11;0.000;;;;;;;;;;
Y6234020;Q;2,02E+11;0.000;;;;;;;;;;
Y6234020;Q;2,02E+11;0.000;;;;;;;;;;
Y6234020;Q;2,02E+11;0.000;;;;;;;;;;
Y6234020;Q;2,02E+11;0.000;;;;;;;;;;
Y6234020;Q;2,02E+11;0.000;;;;;;;;;;
Y6234020;Q;2,02E+11;0.000;;;;;;;;;;
Y6234020;Q;2,02E+11;0.000;;;;;;;;;;
Y6234020;Q;2,02E+11;0.000;;;;;;;;;;
Y6042010;H;2,02E+11;-0.086;;;;;;;;;;
Y6042010;H;2,02E+11;-0.091;;;;;;;;;;
Y6042010;H;2,02E+11;-0.089;;;;;;;;;;
Y6042010;H;2,02E+11;-0.094;;;;;;;;;;
Y6042010;H;2,02E+11;-0.089;;;;;;;;;;
Y6042010;H;2,02E+11;-0.091;;;;;;;;;;
Y6042010;H;2,02E+11;-0.088;;;;;;;;;;
Y6042010;H;2,02E+11;-0.097;;;;;;;;;;
Y6042010;H;2,02E+11;-0.089;;;;;;;;;;
Y6042010;H;2,02E+11;-0.091;;;;;;;;;;
Y6042010;H;2,02E+11;-0.094;;;;;;;;;;
Y6042010;H;2,02E+11;-0.083;;;;;;;;;;
Y6042010;H;2,02E+11;-0.094;;;;;;;;;;
Y6042010;H;2,02E+11;-0.091;;;;;;;;;;
Y6042010;H;2,02E+11;-0.094;;;;;;;;;;
Y6042010;H;2,02E+11;-0.089;;;;;;;;;;
Y6042010;H;2,02E+11;-0.091;;;;;;;;;;
Y6042010;H;2,02E+11;-0.091;;;;;;;;;;
Y6042010;H;2,02E+11;-0.089;;;;;;;;;;
Y6042010;H;2,02E+11;-0.094;;;;;;;;;;
Y6042010;H;2,02E+11;-0.094;;;;;;;;;;
Y6042010;H;2,02E+11;-0.094;;;;;;;;;;
Y6042010;H;2,02E+11;-0.088;;;;;;;;;;
Y6042010;H;2,02E+11;-0.094;;;;;;;;;;
Y6042010;H;2,02E+11;-0.089;;;;;;;;;;
Y6042010;H;2,02E+11;-0.091;;;;;;;;;;
Y6042010;H;2,02E+11;-0.094;;;;;;;;;;
Y6042010;H;2,02E+11;-0.094;;;;;;;;;;
Y6042010;H;2,02E+11;-0.098;;;;;;;;;;
Y6042010;H;2,02E+11;-0.097;;;;;;;;;;
Y6042010;H;2,02E+11;-0.094;;;;;;;;;;
Y6042010;H;2,02E+11;-0.098;;;;;;;;;;
Y6042010;H;2,02E+11;-0.098;;;;;;;;;;
Y6042010;H;2,02E+11;-0.097;;;;;;;;;;
Y6042010;H;2,02E+11;-0.097;;;;;;;;;;
Y6042010;H;2,02E+11;-0.098;;;;;;;;;;
Y6042010;H;2,02E+11;-0.104;;;;;;;;;;
Y6042010;H;2,02E+11;-0.098;;;;;;;;;;
Y6042010;H;2,02E+11;-0.097;;;;;;;;;;
Y6042010;H;2,02E+11;-0.103;;;;;;;;;;
Y6042010;H;2,02E+11;-0.097;;;;;;;;;;
Y6042010;H;2,02E+11;-0.098;;;;;;;;;;
Y6042010;H;2,02E+11;-0.109;;;;;;;;;;
Y6042010;H;2,02E+11;-0.103;;;;;;;;;;
Y6042010;H;2,02E+11;-0.104;;;;;;;;;;
Y6042010;H;2,02E+11;-0.098;;;;;;;;;;
Y6042010;H;2,02E+11;-0.098;;;;;;;;;;
Y6042010;H;2,02E+11;-0.098;;;;;;;;;;
Y6042010;H;2,02E+11;-0.101;;;;;;;;;;
Y6042010;H;2,02E+11;-0.098;;;;;;;;;;
Y6042010;H;2,02E+11;-0.101;;;;;;;;;;
Y6042010;H;2,02E+11;-0.103;;;;;;;;;;
Y6042010;H;2,02E+11;-0.101;;;;;;;;;;
Y6042010;H;2,02E+11;-0.101;;;;;;;;;;
Y6042010;H;2,02E+11;-0.097;;;;;;;;;;
Y6042010;H;2,02E+11;-0.103;;;;;;;;;;
Y6042010;H;2,02E+11;-0.101;;;;;;;;;;
Y6042010;H;2,02E+11;-0.101;;;;;;;;;;
Y6042010;H;2,02E+11;-0.097;;;;;;;;;;
Y6042010;H;2,02E+11;-0.094;;;;;;;;;;
Y6042010;H;2,02E+11;-0.103;;;;;;;;;;
Y6042010;H;2,02E+11;-0.098;;;;;;;;;;
Y6042010;H;2,02E+11;-0.101;;;;;;;;;;
Y6042010;H;2,02E+11;-0.097;;;;;;;;;;
Y6042010;H;2,02E+11;-0.101;;;;;;;;;;
Y6042010;H;2,02E+11;-0.101;;;;;;;;;;
Y6042010;H;2,02E+11;-0.101;;;;;;;;;;
Y6042010;H;2,02E+11;-0.101;;;;;;;;;;
Y6042010;H;2,02E+11;-0.103;;;;;;;;;;
Y6042010;H;2,02E+11;-0.101;;;;;;;;;;
Y6042010;H;2,02E+11;-0.101;;;;;;;;;;
Y6042010;H;2,02E+11;-0.104;;;;;;;;;;
Y6042010;H;2,02E+11;-0.098;;;;;;;;;;
Y6042010;H;2,02E+11;-0.098;;;;;;;;;;
Y6042010;H;2,02E+11;-0.101;;;;;;;;;;
Y6042010;H;2,02E+11;-0.103;;;;;;;;;;
Y6042010;H;2,02E+11;-0.103;;;;;;;;;;
Y6042010;H;2,02E+11;-0.101;;;;;;;;;;
Y6042010;H;2,02E+11;-0.097;;;;;;;;;;
Y6042010;H;2,02E+11;-0.101;;;;;;;;;;
Y6042010;H;2,02E+11;-0.103;;;;;;;;;;
Y6042010;H;2,02E+11;-0.101;;;;;;;;;;
Y6042010;H;2,02E+11;-0.103;;;;;;;;;;
Y6042010;H;2,02E+11;-0.103;;;;;;;;;;
Y6042010;H;2,02E+11;-0.098;;;;;;;;;;
Y6042010;H;2,02E+11;-0.104;;;;;;;;;;
Y6042010;H;2,02E+11;-0.103;;;;;;;;;;
Y6042010;H;2,02E+11;-0.104;;;;;;;;;;
Y6042010;H;2,02E+11;-0.103;;;;;;;;;;
Y6042010;H;2,02E+11;-0.101;;;;;;;;;;
Y6042010;H;2,02E+11;-0.106;;;;;;;;;;
Y6042010;H;2,02E+11;-0.106;;;;;;;;;;
Y6042010;H;2,02E+11;-0.106;;;;;;;;;;
Y6042010;H;2,02E+11;-0.104;;;;;;;;;;
Y6042010;H;2,02E+11;-0.106;;;;;;;;;;
Y6334040;H;2,02E+11;0.548;;;;;;;;;;
Y6334040;H;2,02E+11;0.547;;;;;;;;;;
Y6334040;H;2,02E+11;0.547;;;;;;;;;;
Y6334040;H;2,02E+11;0.547;;;;;;;;;;
Y6334040;H;2,02E+11;0.546;;;;;;;;;;
Y6334040;H;2,02E+11;0.546;;;;;;;;;;
Y6334040;H;2,02E+11;0.546;;;;;;;;;;
Y6334040;H;2,02E+11;0.544;;;;;;;;;;
Y6334040;H;2,02E+11;0.543;;;;;;;;;;
Y6334040;H;2,02E+11;0.542;;;;;;;;;;
Y6334040;H;2,02E+11;0.539;;;;;;;;;;
Y6334040;H;2,02E+11;0.537;;;;;;;;;;
Y6334040;H;2,02E+11;0.542;;;;;;;;;;
Y6334040;H;2,02E+11;0.543;;;;;;;;;;
Y6334040;H;2,02E+11;0.543;;;;;;;;;;
Y6334040;H;2,02E+11;0.542;;;;;;;;;;
Y6334040;H;2,02E+11;0.542;;;;;;;;;;
Y6334040;H;2,02E+11;0.542;;;;;;;;;;
Y6334040;H;2,02E+11;0.545;;;;;;;;;;
Y6334040;H;2,02E+11;0.549;;;;;;;;;;
Y6334040;H;2,02E+11;0.553;;;;;;;;;;
Y6334040;H;2,02E+11;0.555;;;;;;;;;;
Y6334040;H;2,02E+11;0.556;;;;;;;;;;
Y6334040;H;2,02E+11;0.558;;;;;;;;;;
Y6334040;H;2,02E+11;0.560;;;;;;;;;;
Y6334040;H;2,02E+11;0.562;;;;;;;;;;
Y6334040;H;2,02E+11;0.562;;;;;;;;;;
Y6334040;H;2,02E+11;0.561;;;;;;;;;;
Y6334040;H;2,02E+11;0.561;;;;;;;;;;
Y6334040;H;2,02E+11;0.561;;;;;;;;;;
Y6334040;H;2,02E+11;0.561;;;;;;;;;;
Y6334040;H;2,02E+11;0.560;;;;;;;;;;
Y6334040;H;2,02E+11;0.553;;;;;;;;;;
Y6334040;H;2,02E+11;0.543;;;;;;;;;;
Y6334040;H;2,02E+11;0.531;;;;;;;;;;
Y6334040;H;2,02E+11;0.520;;;;;;;;;;
Y6334040;H;2,02E+11;0.510;;;;;;;;;;
Y6334040;H;2,02E+11;0.502;;;;;;;;;;
Y6334040;H;2,02E+11;0.496;;;;;;;;;;
Y6334040;H;2,02E+11;0.492;;;;;;;;;;
Y6334040;H;2,02E+11;0.490;;;;;;;;;;
Y6334040;H;2,02E+11;0.492;;;;;;;;;;
Y6334040;H;2,02E+11;0.494;;;;;;;;;;
Y6334040;H;2,02E+11;0.496;;;;;;;;;;
Y6334040;H;2,02E+11;0.498;;;;;;;;;;
Y6334040;H;2,02E+11;0.501;;;;;;;;;;
Y6334040;H;2,02E+11;0.500;;;;;;;;;;
Y6334040;H;2,02E+11;0.498;;;;;;;;;;
Y6334040;H;2,02E+11;0.497;;;;;;;;;;
Y6334040;H;2,02E+11;0.498;;;;;;;;;;
Y6334040;H;2,02E+11;0.498;;;;;;;;;;
Y6334040;H;2,02E+11;0.498;;;;;;;;;;
Y6334040;H;2,02E+11;0.498;;;;;;;;;;
Y6334040;H;2,02E+11;0.498;;;;;;;;;;
Y6334040;H;2,02E+11;0.499;;;;;;;;;;
Y6334040;H;2,02E+11;0.499;;;;;;;;;;
Y6334040;H;2,02E+11;0.500;;;;;;;;;;
Y6334040;H;2,02E+11;0.501;;;;;;;;;;
Y6334040;H;2,02E+11;0.500;;;;;;;;;;
Y6334040;H;2,02E+11;0.499;;;;;;;;;;
Y6334040;H;2,02E+11;0.501;;;;;;;;;;
Y6334040;H;2,02E+11;0.501;;;;;;;;;;
Y6334040;H;2,02E+11;0.499;;;;;;;;;;
Y6334040;H;2,02E+11;0.498;;;;;;;;;;
Y6334040;H;2,02E+11;0.498;;;;;;;;;;
Y6334040;H;2,02E+11;0.498;;;;;;;;;;
Y6334040;H;2,02E+11;0.499;;;;;;;;;;
Y6334040;H;2,02E+11;0.500;;;;;;;;;;
Y6334040;H;2,02E+11;0.500;;;;;;;;;;
Y6334040;H;2,02E+11;0.500;;;;;;;;;;
Y6334040;H;2,02E+11;0.499;;;;;;;;;;
Y6334040;H;2,02E+11;0.499;;;;;;;;;;
Y6334040;H;2,02E+11;0.498;;;;;;;;;;
Y6334040;H;2,02E+11;0.498;;;;;;;;;;
Y6334040;H;2,02E+11;0.500;;;;;;;;;;
Y6334040;H;2,02E+11;0.500;;;;;;;;;;
Y6334040;H;2,02E+11;0.502;;;;;;;;;;
Y6334040;H;2,02E+11;0.502;;;;;;;;;;
Y6334040;H;2,02E+11;0.503;;;;;;;;;;
Y6334040;H;2,02E+11;0.503;;;;;;;;;;
Y6334040;H;2,02E+11;0.503;;;;;;;;;;
Y6334040;H;2,02E+11;0.502;;;;;;;;;;
Y6334040;H;2,02E+11;0.499;;;;;;;;;;
Y6334040;H;2,02E+11;0.498;;;;;;;;;;
Y6334040;H;2,02E+11;0.498;;;;;;;;;;
Y6334040;H;2,02E+11;0.499;;;;;;;;;;
Y6334040;H;2,02E+11;0.502;;;;;;;;;;
Y6334040;H;2,02E+11;0.504;;;;;;;;;;
Y6334040;H;2,02E+11;0.503;;;;;;;;;;
Y6334040;H;2,02E+11;0.501;;;;;;;;;;
Y6334040;H;2,02E+11;0.501;;;;;;;;;;
Y6334040;H;2,02E+11;0.502;;;;;;;;;;
Y6334040;H;2,02E+11;0.502;;;;;;;;;;
Y6334040;H;2,02E+11;0.502;;;;;;;;;;
Y6334040;H;2,02E+11;0.503;;;;;;;;;;
Y6424010;H;2,02E+11;-0.460;;;;;;;;;;
Y6424010;H;2,02E+11;-0.460;;;;;;;;;;
Y6424010;H;2,02E+11;-0.460;;;;;;;;;;
Y6424010;H;2,02E+11;-0.470;;;;;;;;;;
Y6424010;H;2,02E+11;-0.460;;;;;;;;;;
Y6424010;H;2,02E+11;-0.470;;;;;;;;;;
Y6424010;H;2,02E+11;-0.470;;;;;;;;;;
Y6424010;H;2,02E+11;-0.460;;;;;;;;;;
Y6424010;H;2,02E+11;-0.460;;;;;;;;;;
Y6424010;H;2,02E+11;-0.470;;;;;;;;;;
Y6424010;H;2,02E+11;-0.470;;;;;;;;;;
Y6424010;H;2,02E+11;-0.470;;;;;;;;;;
Y6424010;H;2,02E+11;-0.470;;;;;;;;;;
Y6424010;H;2,02E+11;-0.470;;;;;;;;;;
Y6424010;H;2,02E+11;-0.470;;;;;;;;;;
Y6424010;H;2,02E+11;-0.470;;;;;;;;;;
Y6424010;H;2,02E+11;-0.480;;;;;;;;;;
Y6424010;H;2,02E+11;-0.470;;;;;;;;;;
Y6424010;H;2,02E+11;-0.470;;;;;;;;;;
Y6424010;H;2,02E+11;-0.470;;;;;;;;;;
Y6424010;H;2,02E+11;-0.470;;;;;;;;;;
Y6424010;H;2,02E+11;-0.470;;;;;;;;;;
Y6424010;H;2,02E+11;-0.470;;;;;;;;;;
Y6424010;H;2,02E+11;-0.470;;;;;;;;;;
Y6424010;H;2,02E+11;-0.470;;;;;;;;;;
Y6424010;H;2,02E+11;-0.460;;;;;;;;;;
Y6424010;H;2,02E+11;-0.470;;;;;;;;;;
Y6424010;H;2,02E+11;-0.470;;;;;;;;;;
Y6424010;H;2,02E+11;-0.470;;;;;;;;;;
Y6424010;H;2,02E+11;-0.470;;;;;;;;;;
Y6424010;H;2,02E+11;-0.470;;;;;;;;;;
Y6424010;H;2,02E+11;-0.470;;;;;;;;;;
Y6424010;H;2,02E+11;-0.470;;;;;;;;;;
Y6424010;H;2,02E+11;-0.470;;;;;;;;;;
Y6424010;H;2,02E+11;-0.480;;;;;;;;;;
Y6424010;H;2,02E+11;-0.480;;;;;;;;;;
Y6424010;H;2,02E+11;-0.480;;;;;;;;;;
Y6424010;H;2,02E+11;-0.480;;;;;;;;;;
Y6424010;H;2,02E+11;-0.480;;;;;;;;;;
Y6424010;H;2,02E+11;-0.470;;;;;;;;;;
Y6424010;H;2,02E+11;-0.470;;;;;;;;;;
Y6424010;H;2,02E+11;-0.480;;;;;;;;;;
Y6424010;H;2,02E+11;-0.480;;;;;;;;;;
Y6424010;H;2,02E+11;-0.470;;;;;;;;;;
Y6424010;H;2,02E+11;-0.470;;;;;;;;;;
Y6424010;H;2,02E+11;-0.480;;;;;;;;;;
Y6424010;H;2,02E+11;-0.480;;;;;;;;;;
Y6424010;H;2,02E+11;-0.480;;;;;;;;;;
Y6424010;H;2,02E+11;-0.480;;;;;;;;;;
Y6424010;H;2,02E+11;-0.480;;;;;;;;;;
Y6424010;H;2,02E+11;-0.480;;;;;;;;;;
Y6424010;H;2,02E+11;-0.480;;;;;;;;;;
Y6424010;H;2,02E+11;-0.480;;;;;;;;;;
Y6424010;H;2,02E+11;-0.480;;;;;;;;;;
Y6424010;H;2,02E+11;-0.480;;;;;;;;;;
Y6424010;H;2,02E+11;-0.480;;;;;;;;;;
Y6424010;H;2,02E+11;-0.470;;;;;;;;;;
Y6424010;H;2,02E+11;-0.480;;;;;;;;;;
Y6424010;H;2,02E+11;-0.480;;;;;;;;;;
Y6424010;H;2,02E+11;-0.480;;;;;;;;;;
Y6424010;H;2,02E+11;-0.480;;;;;;;;;;
Y6424010;H;2,02E+11;-0.480;;;;;;;;;;
Y6424010;H;2,02E+11;-0.480;;;;;;;;;;
Y6424010;H;2,02E+11;-0.480;;;;;;;;;;
Y6424010;H;2,02E+11;-0.480;;;;;;;;;;
Y6424010;H;2,02E+11;-0.480;;;;;;;;;;
Y6424010;H;2,02E+11;-0.480;;;;;;;;;;
Y6424010;H;2,02E+11;-0.480;;;;;;;;;;
Y6424010;H;2,02E+11;-0.480;;;;;;;;;;
Y6424010;H;2,02E+11;-0.490;;;;;;;;;;
Y6424010;H;2,02E+11;-0.480;;;;;;;;;;
Y6424010;H;2,02E+11;-0.480;;;;;;;;;;
Y6424010;H;2,02E+11;-0.480;;;;;;;;;;
Y6424010;H;2,02E+11;-0.480;;;;;;;;;;
Y6424010;H;2,02E+11;-0.480;;;;;;;;;;
Y6424010;H;2,02E+11;-0.480;;;;;;;;;;
Y6424010;H;2,02E+11;-0.480;;;;;;;;;;
Y6424010;H;2,02E+11;-0.480;;;;;;;;;;
Y6424010;H;2,02E+11;-0.480;;;;;;;;;;
Y6424010;H;2,02E+11;-0.480;;;;;;;;;;
Y6424010;H;2,02E+11;-0.480;;;;;;;;;;
Y6424010;H;2,02E+11;-0.480;;;;;;;;;;
Y6424010;H;2,02E+11;-0.480;;;;;;;;;;
Y6424010;H;2,02E+11;-0.480;;;;;;;;;;
Y6424010;H;2,02E+11;-0.490;;;;;;;;;;
Y6424010;H;2,02E+11;-0.480;;;;;;;;;;
Y6424010;H;2,02E+11;-0.480;;;;;;;;;;
Y6424010;H;2,02E+11;-0.480;;;;;;;;;;
Y6424010;H;2,02E+11;-0.480;;;;;;;;;;
Y6424010;H;2,02E+11;-0.490;;;;;;;;;;
Y6424010;H;2,02E+11;-0.480;;;;;;;;;;
Y6424010;H;2,02E+11;-0.480;;;;;;;;;;
Y6424010;H;2,02E+11;-0.480;;;;;;;;;;
Y6424010;H;2,02E+11;-0.490;;;;;;;;;;
Y6424010;H;2,02E+11;-0.490;;;;;;;;;;
Y6002030;H;2,02E+11;-0.160;;;;;;;;;;
Y6002030;H;2,02E+11;-0.160;;;;;;;;;;
Y6002030;H;2,02E+11;-0.160;;;;;;;;;;
Y6002030;H;2,02E+11;-0.160;;;;;;;;;;
Y6002030;H;2,02E+11;-0.170;;;;;;;;;;
Y6002030;H;2,02E+11;-0.170;;;;;;;;;;
Y6002030;H;2,02E+11;-0.170;;;;;;;;;;
Y6002030;H;2,02E+11;-0.170;;;;;;;;;;
Y6002030;H;2,02E+11;-0.170;;;;;;;;;;
Y6002030;H;2,02E+11;-0.170;;;;;;;;;;
Y6002030;H;2,02E+11;-0.170;;;;;;;;;;
Y6002030;H;2,02E+11;-0.170;;;;;;;;;;
Y6002030;H;2,02E+11;-0.170;;;;;;;;;;
Y6002030;H;2,02E+11;-0.170;;;;;;;;;;
Y6002030;H;2,02E+11;-0.170;;;;;;;;;;
Y6002030;H;2,02E+11;-0.170;;;;;;;;;;
Y6002030;H;2,02E+11;-0.170;;;;;;;;;;
Y6002030;H;2,02E+11;-0.170;;;;;;;;;;
Y6002030;H;2,02E+11;-0.170;;;;;;;;;;
Y6002030;H;2,02E+11;-0.170;;;;;;;;;;
Y6002030;H;2,02E+11;-0.170;;;;;;;;;;
Y6002030;H;2,02E+11;-0.170;;;;;;;;;;
Y6002030;H;2,02E+11;-0.170;;;;;;;;;;
Y6002030;H;2,02E+11;-0.170;;;;;;;;;;
Y6002030;H;2,02E+11;-0.170;;;;;;;;;;
Y6002030;H;2,02E+11;-0.170;;;;;;;;;;
Y6002030;H;2,02E+11;-0.170;;;;;;;;;;
Y6002030;H;2,02E+11;-0.170;;;;;;;;;;
Y6002030;H;2,02E+11;-0.170;;;;;;;;;;
Y6002030;H;2,02E+11;-0.170;;;;;;;;;;
Y6002030;H;2,02E+11;-0.170;;;;;;;;;;
Y6002030;H;2,02E+11;-0.170;;;;;;;;;;
Y6002030;H;2,02E+11;-0.170;;;;;;;;;;
Y6002030;H;2,02E+11;-0.170;;;;;;;;;;
Y6002030;H;2,02E+11;-0.170;;;;;;;;;;
Y6002030;H;2,02E+11;-0.170;;;;;;;;;;
Y6002030;H;2,02E+11;-0.170;;;;;;;;;;
Y6002030;H;2,02E+11;-0.170;;;;;;;;;;
Y6002030;H;2,02E+11;-0.170;;;;;;;;;;
Y6002030;H;2,02E+11;-0.170;;;;;;;;;;
Y6002030;H;2,02E+11;-0.170;;;;;;;;;;
Y6002030;H;2,02E+11;-0.170;;;;;;;;;;
Y6002030;H;2,02E+11;-0.170;;;;;;;;;;
Y6002030;H;2,02E+11;-0.170;;;;;;;;;;
Y6002030;H;2,02E+11;-0.170;;;;;;;;;;
Y6002030;H;2,02E+11;-0.170;;;;;;;;;;
Y6002030;H;2,02E+11;-0.170;;;;;;;;;;
Y6002030;H;2,02E+11;-0.170;;;;;;;;;;
Y6002030;H;2,02E+11;-0.170;;;;;;;;;;
Y6002030;H;2,02E+11;-0.170;;;;;;;;;;
Y6002030;H;2,02E+11;-0.170;;;;;;;;;;
Y6002030;H;2,02E+11;-0.170;;;;;;;;;;
Y6002030;H;2,02E+11;-0.170;;;;;;;;;;
Y6002030;H;2,02E+11;-0.170;;;;;;;;;;
Y6002030;H;2,02E+11;-0.170;;;;;;;;;;
Y6002030;H;2,02E+11;-0.170;;;;;;;;;;
Y6002030;H;2,02E+11;-0.170;;;;;;;;;;
Y6002030;H;2,02E+11;-0.170;;;;;;;;;;
Y6002030;H;2,02E+11;-0.170;;;;;;;;;;
Y6002030;H;2,02E+11;-0.170;;;;;;;;;;
Y6002030;H;2,02E+11;-0.170;;;;;;;;;;
Y6002030;H;2,02E+11;-0.170;;;;;;;;;;
Y6002030;H;2,02E+11;-0.170;;;;;;;;;;
Y6002030;H;2,02E+11;-0.170;;;;;;;;;;
Y6002030;H;2,02E+11;-0.170;;;;;;;;;;
Y6002030;H;2,02E+11;-0.170;;;;;;;;;;
Y6002030;H;2,02E+11;-0.170;;;;;;;;;;
Y6002030;H;2,02E+11;-0.170;;;;;;;;;;
Y6002030;H;2,02E+11;-0.170;;;;;;;;;;
Y6002030;H;2,02E+11;-0.170;;;;;;;;;;
Y6002030;H;2,02E+11;-0.170;;;;;;;;;;
Y6002030;H;2,02E+11;-0.170;;;;;;;;;;
Y6002030;H;2,02E+11;-0.170;;;;;;;;;;
Y6002030;H;2,02E+11;-0.170;;;;;;;;;;
Y6002030;H;2,02E+11;-0.170;;;;;;;;;;
Y6002030;H;2,02E+11;-0.170;;;;;;;;;;
Y6002030;H;2,02E+11;-0.170;;;;;;;;;;
Y6002030;H;2,02E+11;-0.170;;;;;;;;;;
Y6002030;H;2,02E+11;-0.170;;;;;;;;;;
Y6002030;H;2,02E+11;-0.170;;;;;;;;;;
Y6002030;H;2,02E+11;-0.170;;;;;;;;;;
Y6002030;H;2,02E+11;-0.170;;;;;;;;;;
Y6002030;H;2,02E+11;-0.170;;;;;;;;;;
Y6002030;H;2,02E+11;-0.170;;;;;;;;;;
Y6002030;H;2,02E+11;-0.170;;;;;;;;;;
Y6002030;H;2,02E+11;-0.170;;;;;;;;;;
Y6002030;H;2,02E+11;-0.170;;;;;;;;;;
Y6002030;H;2,02E+11;-0.170;;;;;;;;;;
Y6002030;H;2,02E+11;-0.170;;;;;;;;;;
Y6002030;H;2,02E+11;-0.170;;;;;;;;;;
Y6002030;H;2,02E+11;-0.170;;;;;;;;;;
Y6002030;H;2,02E+11;-0.170;;;;;;;;;;
Y6002030;H;2,02E+11;-0.170;;;;;;;;;;
Y6002030;H;2,02E+11;-0.170;;;;;;;;;;
Y6002030;H;2,02E+11;-0.170;;;;;;;;;;
S0000005;H;2,02E+11;0.390;;;;;;;;;;
S0000005;H;2,02E+11;0.390;;;;;;;;;;
S0000005;H;2,02E+11;0.380;;;;;;;;;;
S0000005;H;2,02E+11;0.380;;;;;;;;;;
S0000005;H;2,02E+11;0.380;;;;;;;;;;
S0000005;H;2,02E+11;0.380;;;;;;;;;;
S0000005;H;2,02E+11;0.380;;;;;;;;;;
S0000005;H;2,02E+11;0.380;;;;;;;;;;
S0000005;H;2,02E+11;0.380;;;;;;;;;;
S0000005;H;2,02E+11;0.380;;;;;;;;;;
S0000005;H;2,02E+11;0.380;;;;;;;;;;
S0000005;H;2,02E+11;0.380;;;;;;;;;;
S0000005;H;2,02E+11;0.380;;;;;;;;;;
S0000005;H;2,02E+11;0.380;;;;;;;;;;
S0000005;H;2,02E+11;0.380;;;;;;;;;;
S0000005;H;2,02E+11;0.380;;;;;;;;;;
S0000005;H;2,02E+11;0.380;;;;;;;;;;
S0000005;H;2,02E+11;0.380;;;;;;;;;;
S0000005;H;2,02E+11;0.380;;;;;;;;;;
S0000005;H;2,02E+11;0.380;;;;;;;;;;
S0000005;H;2,02E+11;0.380;;;;;;;;;;
S0000005;H;2,02E+11;0.380;;;;;;;;;;
S0000005;H;2,02E+11;0.380;;;;;;;;;;
S0000005;H;2,02E+11;0.380;;;;;;;;;;
Y6125012;H;2,02E+11;0.281;;;;;;;;;;
Y6125012;H;2,02E+11;0.280;;;;;;;;;;
Y6125012;H;2,02E+11;0.285;;;;;;;;;;
Y6125012;H;2,02E+11;0.279;;;;;;;;;;
Y6125012;H;2,02E+11;0.283;;;;;;;;;;
Y6125012;H;2,02E+11;0.285;;;;;;;;;;
Y6125012;H;2,02E+11;0.282;;;;;;;;;;
Y6125012;H;2,02E+11;0.281;;;;;;;;;;
Y6125012;H;2,02E+11;0.279;;;;;;;;;;
Y6125012;H;2,02E+11;0.273;;;;;;;;;;
Y6125012;H;2,02E+11;0.272;;;;;;;;;;
Y6125012;H;2,02E+11;0.274;;;;;;;;;;
Y6125012;H;2,02E+11;0.276;;;;;;;;;;
Y6125012;H;2,02E+11;0.267;;;;;;;;;;
Y6125012;H;2,02E+11;0.270;;;;;;;;;;
Y6125012;H;2,02E+11;0.270;;;;;;;;;;
Y6125012;H;2,02E+11;0.268;;;;;;;;;;
Y6125012;H;2,02E+11;0.274;;;;;;;;;;
Y6125012;H;2,02E+11;0.271;;;;;;;;;;
Y6125012;H;2,02E+11;0.265;;;;;;;;;;
Y6125012;H;2,02E+11;0.267;;;;;;;;;;
Y6125012;H;2,02E+11;0.266;;;;;;;;;;
Y6125012;H;2,02E+11;0.268;;;;;;;;;;
Y6125012;H;2,02E+11;0.266;;;;;;;;;;
Y6125012;H;2,02E+11;0.263;;;;;;;;;;
Y6125012;H;2,02E+11;0.264;;;;;;;;;;
Y6125012;H;2,02E+11;0.266;;;;;;;;;;
Y6125012;H;2,02E+11;0.265;;;;;;;;;;
Y6125012;H;2,02E+11;0.261;;;;;;;;;;
Y6125012;H;2,02E+11;0.260;;;;;;;;;;
Y6125012;H;2,02E+11;0.259;;;;;;;;;;
Y6125012;H;2,02E+11;0.259;;;;;;;;;;
Y6125012;H;2,02E+11;0.260;;;;;;;;;;
Y6125012;H;2,02E+11;0.261;;;;;;;;;;
Y6125012;H;2,02E+11;0.258;;;;;;;;;;
Y6125012;H;2,02E+11;0.258;;;;;;;;;;
Y6125012;H;2,02E+11;0.261;;;;;;;;;;
Y6125012;H;2,02E+11;0.261;;;;;;;;;;
Y6125012;H;2,02E+11;0.261;;;;;;;;;;
Y6125012;H;2,02E+11;0.260;;;;;;;;;;
Y6125012;H;2,02E+11;0.261;;;;;;;;;;
Y6125012;H;2,02E+11;0.257;;;;;;;;;;
Y6125012;H;2,02E+11;0.256;;;;;;;;;;
Y6125012;H;2,02E+11;0.257;;;;;;;;;;
Y6125012;H;2,02E+11;0.258;;;;;;;;;;
Y6125012;H;2,02E+11;0.260;;;;;;;;;;
Y6125012;H;2,02E+11;0.259;;;;;;;;;;
Y6125012;H;2,02E+11;0.256;;;;;;;;;;
Y6125012;H;2,02E+11;0.253;;;;;;;;;;
Y6125012;H;2,02E+11;0.255;;;;;;;;;;
Y6125012;H;2,02E+11;0.253;;;;;;;;;;
Y6125012;H;2,02E+11;0.249;;;;;;;;;;
Y6125012;H;2,02E+11;0.252;;;;;;;;;;
Y6125012;H;2,02E+11;0.253;;;;;;;;;;
Y6125012;H;2,02E+11;0.252;;;;;;;;;;
Y6125012;H;2,02E+11;0.257;;;;;;;;;;
Y6125012;H;2,02E+11;0.254;;;;;;;;;;
Y6125012;H;2,02E+11;0.250;;;;;;;;;;
Y6125012;H;2,02E+11;0.251;;;;;;;;;;
Y6125012;H;2,02E+11;0.258;;;;;;;;;;
Y6125012;H;2,02E+11;0.248;;;;;;;;;;
Y6125012;H;2,02E+11;0.255;;;;;;;;;;
Y6125012;H;2,02E+11;0.248;;;;;;;;;;
Y6125012;H;2,02E+11;0.254;;;;;;;;;;
Y6125012;H;2,02E+11;0.247;;;;;;;;;;
Y6125012;H;2,02E+11;0.254;;;;;;;;;;
Y6125012;H;2,02E+11;0.249;;;;;;;;;;
Y6125012;H;2,02E+11;0.249;;;;;;;;;;
Y6125012;H;2,02E+11;0.246;;;;;;;;;;
Y6125012;H;2,02E+11;0.247;;;;;;;;;;
Y6125012;H;2,02E+11;0.252;;;;;;;;;;
Y6125012;H;2,02E+11;0.250;;;;;;;;;;
Y6125012;H;2,02E+11;0.247;;;;;;;;;;
Y6125012;H;2,02E+11;0.253;;;;;;;;;;
Y6125012;H;2,02E+11;0.248;;;;;;;;;;
Y6125012;H;2,02E+11;0.245;;;;;;;;;;
Y6125012;H;2,02E+11;0.248;;;;;;;;;;
Y6125012;H;2,02E+11;0.249;;;;;;;;;;
Y6125012;H;2,02E+11;0.246;;;;;;;;;;
Y6125012;H;2,02E+11;0.244;;;;;;;;;;
Y6125012;H;2,02E+11;0.251;;;;;;;;;;
Y6125012;H;2,02E+11;0.243;;;;;;;;;;
Y6125012;H;2,02E+11;0.245;;;;;;;;;;
Y6125012;H;2,02E+11;0.246;;;;;;;;;;
Y6125012;H;2,02E+11;0.244;;;;;;;;;;
Y6125012;H;2,02E+11;0.245;;;;;;;;;;
Y6125012;H;2,02E+11;0.245;;;;;;;;;;
Y6125012;H;2,02E+11;0.248;;;;;;;;;;
Y6125012;H;2,02E+11;0.244;;;;;;;;;;
Y6125012;H;2,02E+11;0.244;;;;;;;;;;
Y6125012;H;2,02E+11;0.248;;;;;;;;;;
Y6125012;H;2,02E+11;0.250;;;;;;;;;;
Y6125012;H;2,02E+11;0.252;;;;;;;;;;
Y6125012;H;2,02E+11;0.246;;;;;;;;;;
Y6125012;H;2,02E+11;0.249;;;;;;;;;;
Y6035610;H;2,02E+11;0.070;;;;;;;;;;
Y6035610;H;2,02E+11;0.070;;;;;;;;;;
Y6035610;H;2,02E+11;0.070;;;;;;;;;;
Y6035610;H;2,02E+11;0.070;;;;;;;;;;
Y6035610;H;2,02E+11;0.070;;;;;;;;;;
Y6035610;H;2,02E+11;0.070;;;;;;;;;;
Y6035610;H;2,02E+11;0.070;;;;;;;;;;
Y6035610;H;2,02E+11;0.070;;;;;;;;;;
Y6035610;H;2,02E+11;0.070;;;;;;;;;;
Y6035610;H;2,02E+11;0.080;;;;;;;;;;
Y6035610;H;2,02E+11;0.070;;;;;;;;;;
Y6035610;H;2,02E+11;0.080;;;;;;;;;;
Y6035610;H;2,02E+11;0.080;;;;;;;;;;
Y6035610;H;2,02E+11;0.080;;;;;;;;;;
Y6035610;H;2,02E+11;0.070;;;;;;;;;;
Y6035610;H;2,02E+11;0.070;;;;;;;;;;
Y6035610;H;2,02E+11;0.080;;;;;;;;;;
Y6035610;H;2,02E+11;0.080;;;;;;;;;;
Y6035610;H;2,02E+11;0.080;;;;;;;;;;
Y6035610;H;2,02E+11;0.070;;;;;;;;;;
Y6035610;H;2,02E+11;0.070;;;;;;;;;;
Y6035610;H;2,02E+11;0.070;;;;;;;;;;
Y6035610;H;2,02E+11;0.080;;;;;;;;;;
Y6035610;H;2,02E+11;0.070;;;;;;;;;;
Y6035610;H;2,02E+11;0.080;;;;;;;;;;
Y6035610;H;2,02E+11;0.070;;;;;;;;;;
Y6035610;H;2,02E+11;0.080;;;;;;;;;;
Y6035610;H;2,02E+11;0.080;;;;;;;;;;
Y6035610;H;2,02E+11;0.070;;;;;;;;;;
Y6035610;H;2,02E+11;0.070;;;;;;;;;;
Y6035610;H;2,02E+11;0.070;;;;;;;;;;
Y6035610;H;2,02E+11;0.070;;;;;;;;;;
Y6035610;H;2,02E+11;0.080;;;;;;;;;;
Y6035610;H;2,02E+11;0.070;;;;;;;;;;
Y6035610;H;2,02E+11;0.080;;;;;;;;;;
Y6035610;H;2,02E+11;0.080;;;;;;;;;;
Y6035610;H;2,02E+11;0.080;;;;;;;;;;
Y6035610;H;2,02E+11;0.080;;;;;;;;;;
Y6035610;H;2,02E+11;0.080;;;;;;;;;;
Y6035610;H;2,02E+11;0.080;;;;;;;;;;
Y6035610;H;2,02E+11;0.080;;;;;;;;;;
Y6035610;H;2,02E+11;0.070;;;;;;;;;;
Y6035610;H;2,02E+11;0.070;;;;;;;;;;
Y6035610;H;2,02E+11;0.080;;;;;;;;;;
Y6035610;H;2,02E+11;0.080;;;;;;;;;;
Y6035610;H;2,02E+11;0.070;;;;;;;;;;
Y6035610;H;2,02E+11;0.070;;;;;;;;;;
Y6035610;H;2,02E+11;0.070;;;;;;;;;;
Y6035610;H;2,02E+11;0.080;;;;;;;;;;
Y6035610;H;2,02E+11;0.070;;;;;;;;;;
Y6035610;H;2,02E+11;0.070;;;;;;;;;;
Y6035610;H;2,02E+11;0.070;;;;;;;;;;
Y6035610;H;2,02E+11;0.080;;;;;;;;;;
Y6035610;H;2,02E+11;0.080;;;;;;;;;;
Y6035610;H;2,02E+11;0.080;;;;;;;;;;
Y6035610;H;2,02E+11;0.070;;;;;;;;;;
Y6035610;H;2,02E+11;0.080;;;;;;;;;;
Y6035610;H;2,02E+11;0.070;;;;;;;;;;
Y6035610;H;2,02E+11;0.070;;;;;;;;;;
Y6035610;H;2,02E+11;0.080;;;;;;;;;;
Y6035610;H;2,02E+11;0.080;;;;;;;;;;
Y6035610;H;2,02E+11;0.070;;;;;;;;;;
Y6035610;H;2,02E+11;0.070;;;;;;;;;;
Y6035610;H;2,02E+11;0.070;;;;;;;;;;
Y6035610;H;2,02E+11;0.070;;;;;;;;;;
Y6035610;H;2,02E+11;0.070;;;;;;;;;;
Y6035610;H;2,02E+11;0.070;;;;;;;;;;
Y6035610;H;2,02E+11;0.080;;;;;;;;;;
Y6035610;H;2,02E+11;0.080;;;;;;;;;;
Y6035610;H;2,02E+11;0.070;;;;;;;;;;
Y6035610;H;2,02E+11;0.070;;;;;;;;;;
Y6035610;H;2,02E+11;0.080;;;;;;;;;;
Y6035610;H;2,02E+11;0.070;;;;;;;;;;
Y6035610;H;2,02E+11;0.080;;;;;;;;;;
Y6035610;H;2,02E+11;0.080;;;;;;;;;;
Y6035610;H;2,02E+11;0.070;;;;;;;;;;
Y6035610;H;2,02E+11;0.070;;;;;;;;;;
Y6035610;H;2,02E+11;0.070;;;;;;;;;;
Y6035610;H;2,02E+11;0.070;;;;;;;;;;
Y6035610;H;2,02E+11;0.070;;;;;;;;;;
Y6035610;H;2,02E+11;0.070;;;;;;;;;;
Y6035610;H;2,02E+11;0.070;;;;;;;;;;
Y6035610;H;2,02E+11;0.070;;;;;;;;;;
Y6035610;H;2,02E+11;0.070;;;;;;;;;;
Y6035610;H;2,02E+11;0.070;;;;;;;;;;
Y6035610;H;2,02E+11;0.070;;;;;;;;;;
Y6035610;H;2,02E+11;0.070;;;;;;;;;;
Y6035610;H;2,02E+11;0.070;;;;;;;;;;
Y6035610;H;2,02E+11;0.070;;;;;;;;;;
Y6035610;H;2,02E+11;0.070;;;;;;;;;;
Y6035610;H;2,02E+11;0.070;;;;;;;;;;
Y6035610;H;2,02E+11;0.070;;;;;;;;;;
Y6035610;H;2,02E+11;0.070;;;;;;;;;;
Y6035610;H;2,02E+11;0.070;;;;;;;;;;
Y6035610;H;2,02E+11;0.070;;;;;;;;;;
Y6122010;H;2,02E+11;1.215;;;;;;;;;;
Y6122010;H;2,02E+11;1.224;;;;;;;;;;
Y6122010;H;2,02E+11;1.224;;;;;;;;;;
Y6122010;H;2,02E+11;1.229;;;;;;;;;;
Y6122010;H;2,02E+11;1.230;;;;;;;;;;
Y6122010;H;2,02E+11;1.212;;;;;;;;;;
Y6122010;H;2,02E+11;1.221;;;;;;;;;;
Y6122010;H;2,02E+11;1.235;;;;;;;;;;
Y6122010;H;2,02E+11;1.224;;;;;;;;;;
Y6122010;H;2,02E+11;1.217;;;;;;;;;;
Y6122010;H;2,02E+11;1.209;;;;;;;;;;
Y6122010;H;2,02E+11;1.212;;;;;;;;;;
Y6122010;H;2,02E+11;1.220;;;;;;;;;;
Y6122010;H;2,02E+11;1.227;;;;;;;;;;
Y6122010;H;2,02E+11;1.221;;;;;;;;;;
Y6122010;H;2,02E+11;1.221;;;;;;;;;;
Y6122010;H;2,02E+11;1.220;;;;;;;;;;
Y6122010;H;2,02E+11;1.206;;;;;;;;;;
Y6122010;H;2,02E+11;1.230;;;;;;;;;;
Y6122010;H;2,02E+11;1.209;;;;;;;;;;
Y6122010;H;2,02E+11;1.217;;;;;;;;;;
Y6122010;H;2,02E+11;1.198;;;;;;;;;;
Y6122010;H;2,02E+11;1.198;;;;;;;;;;
Y6122010;H;2,02E+11;1.223;;;;;;;;;;
Y6122010;H;2,02E+11;1.209;;;;;;;;;;
Y6122010;H;2,02E+11;1.227;;;;;;;;;;
Y6122010;H;2,02E+11;1.223;;;;;;;;;;
Y6122010;H;2,02E+11;1.221;;;;;;;;;;
Y6122010;H;2,02E+11;1.224;;;;;;;;;;
Y6122010;H;2,02E+11;1.224;;;;;;;;;;
Y6122010;H;2,02E+11;1.209;;;;;;;;;;
Y6122010;H;2,02E+11;1.212;;;;;;;;;;
Y6122010;H;2,02E+11;1.198;;;;;;;;;;
Y6122010;H;2,02E+11;1.221;;;;;;;;;;
Y6122010;H;2,02E+11;1.214;;;;;;;;;;
Y6122010;H;2,02E+11;1.215;;;;;;;;;;
Y6122010;H;2,02E+11;1.217;;;;;;;;;;
Y6122010;H;2,02E+11;1.208;;;;;;;;;;
Y6122010;H;2,02E+11;1.212;;;;;;;;;;
Y6122010;H;2,02E+11;1.201;;;;;;;;;;
Y6122010;H;2,02E+11;1.204;;;;;;;;;;
Y6122010;H;2,02E+11;1.183;;;;;;;;;;
Y6122010;H;2,02E+11;1.206;;;;;;;;;;
Y6122010;H;2,02E+11;1.189;;;;;;;;;;
Y6122010;H;2,02E+11;1.220;;;;;;;;;;
Y6122010;H;2,02E+11;1.194;;;;;;;;;;
Y6122010;H;2,02E+11;1.208;;;;;;;;;;
Y6122010;H;2,02E+11;1.204;;;;;;;;;;
Y6122010;H;2,02E+11;1.197;;;;;;;;;;
Y6122010;H;2,02E+11;1.208;;;;;;;;;;
Y6122010;H;2,02E+11;1.209;;;;;;;;;;
Y6122010;H;2,02E+11;1.208;;;;;;;;;;
Y6122010;H;2,02E+11;1.197;;;;;;;;;;
Y6122010;H;2,02E+11;1.201;;;;;;;;;;
Y6122010;H;2,02E+11;1.192;;;;;;;;;;
Y6122010;H;2,02E+11;1.186;;;;;;;;;;
Y6122010;H;2,02E+11;1.201;;;;;;;;;;
Y6122010;H;2,02E+11;1.197;;;;;;;;;;
Y6122010;H;2,02E+11;1.194;;;;;;;;;;
Y6122010;H;2,02E+11;1.189;;;;;;;;;;
Y6122010;H;2,02E+11;1.192;;;;;;;;;;
Y6122010;H;2,02E+11;1.201;;;;;;;;;;
Y6122010;H;2,02E+11;1.197;;;;;;;;;;
Y6122010;H;2,02E+11;1.192;;;;;;;;;;
Y6122010;H;2,02E+11;1.198;;;;;;;;;;
Y6122010;H;2,02E+11;1.192;;;;;;;;;;
Y6122010;H;2,02E+11;1.191;;;;;;;;;;
Y6122010;H;2,02E+11;1.191;;;;;;;;;;
Y6122010;H;2,02E+11;1.185;;;;;;;;;;
Y6122010;H;2,02E+11;1.197;;;;;;;;;;
Y6122010;H;2,02E+11;1.197;;;;;;;;;;
Y6122010;H;2,02E+11;1.192;;;;;;;;;;
Y6122010;H;2,02E+11;1.192;;;;;;;;;;
Y6122010;H;2,02E+11;1.186;;;;;;;;;;
Y6122010;H;2,02E+11;1.201;;;;;;;;;;
Y6122010;H;2,02E+11;1.192;;;;;;;;;;
Y6122010;H;2,02E+11;1.191;;;;;;;;;;
Y6122010;H;2,02E+11;1.197;;;;;;;;;;
Y6122010;H;2,02E+11;1.186;;;;;;;;;;
Y6122010;H;2,02E+11;1.191;;;;;;;;;;
Y6122010;H;2,02E+11;1.182;;;;;;;;;;
Y6122010;H;2,02E+11;1.179;;;;;;;;;;
Y6122010;H;2,02E+11;1.185;;;;;;;;;;
Y6122010;H;2,02E+11;1.182;;;;;;;;;;
Y6122010;H;2,02E+11;1.174;;;;;;;;;;
Y6122010;H;2,02E+11;1.169;;;;;;;;;;
Y6122010;H;2,02E+11;1.197;;;;;;;;;;
Y6122010;H;2,02E+11;1.189;;;;;;;;;;
Y6122010;H;2,02E+11;1.182;;;;;;;;;;
Y6122010;H;2,02E+11;1.183;;;;;;;;;;
Y6122010;H;2,02E+11;1.183;;;;;;;;;;
Y6122010;H;2,02E+11;1.177;;;;;;;;;;
Y6122010;H;2,02E+11;1.175;;;;;;;;;;
Y6122010;H;2,02E+11;1.179;;;;;;;;;;
Y6122010;H;2,02E+11;1.185;;;;;;;;;;
Y6224010;H;2,02E+11;0.306;;;;;;;;;;
Y6224010;H;2,02E+11;0.310;;;;;;;;;;
Y6224010;H;2,02E+11;0.307;;;;;;;;;;
Y6224010;H;2,02E+11;0.308;;;;;;;;;;
Y6224010;H;2,02E+11;0.306;;;;;;;;;;
Y6224010;H;2,02E+11;0.312;;;;;;;;;;
Y6224010;H;2,02E+11;0.313;;;;;;;;;;
Y6224010;H;2,02E+11;0.318;;;;;;;;;;
Y6224010;H;2,02E+11;0.308;;;;;;;;;;
Y6224010;H;2,02E+11;0.308;;;;;;;;;;
Y6224010;H;2,02E+11;0.306;;;;;;;;;;
Y6224010;H;2,02E+11;0.299;;;;;;;;;;
Y6224010;H;2,02E+11;0.308;;;;;;;;;;
Y6224010;H;2,02E+11;0.305;;;;;;;;;;
Y6224010;H;2,02E+11;0.306;;;;;;;;;;
Y6224010;H;2,02E+11;0.306;;;;;;;;;;
Y6224010;H;2,02E+11;0.311;;;;;;;;;;
Y6224010;H;2,02E+11;0.309;;;;;;;;;;
Y6224010;H;2,02E+11;0.313;;;;;;;;;;
Y6224010;H;2,02E+11;0.310;;;;;;;;;;
Y6224010;H;2,02E+11;0.308;;;;;;;;;;
Y6224010;H;2,02E+11;0.314;;;;;;;;;;
Y6224010;H;2,02E+11;0.310;;;;;;;;;;
Y6224010;H;2,02E+11;0.309;;;;;;;;;;
Y6224010;H;2,02E+11;0.310;;;;;;;;;;
Y6224010;H;2,02E+11;0.305;;;;;;;;;;
Y6224010;H;2,02E+11;0.312;;;;;;;;;;
Y6224010;H;2,02E+11;0.316;;;;;;;;;;
Y6224010;H;2,02E+11;0.311;;;;;;;;;;
Y6224010;H;2,02E+11;0.309;;;;;;;;;;
Y6224010;H;2,02E+11;0.308;;;;;;;;;;
Y6224010;H;2,02E+11;0.306;;;;;;;;;;
Y6224010;H;2,02E+11;0.308;;;;;;;;;;
Y6224010;H;2,02E+11;0.311;;;;;;;;;;
Y6224010;H;2,02E+11;0.314;;;;;;;;;;
Y6224010;H;2,02E+11;0.308;;;;;;;;;;
Y6224010;H;2,02E+11;0.303;;;;;;;;;;
Y6224010;H;2,02E+11;0.314;;;;;;;;;;
Y6224010;H;2,02E+11;0.309;;;;;;;;;;
Y6224010;H;2,02E+11;0.309;;;;;;;;;;
Y6224010;H;2,02E+11;0.309;;;;;;;;;;
Y6224010;H;2,02E+11;0.308;;;;;;;;;;
Y6224010;H;2,02E+11;0.308;;;;;;;;;;
Y6224010;H;2,02E+11;0.306;;;;;;;;;;
Y6224010;H;2,02E+11;0.310;;;;;;;;;;
Y6224010;H;2,02E+11;0.312;;;;;;;;;;
Y6224010;H;2,02E+11;0.308;;;;;;;;;;
Y6224010;H;2,02E+11;0.318;;;;;;;;;;
Y6224010;H;2,02E+11;0.312;;;;;;;;;;
Y6224010;H;2,02E+11;0.318;;;;;;;;;;
Y6224010;H;2,02E+11;0.312;;;;;;;;;;
Y6224010;H;2,02E+11;0.311;;;;;;;;;;
Y6224010;H;2,02E+11;0.321;;;;;;;;;;
Y6224010;H;2,02E+11;0.311;;;;;;;;;;
Y6224010;H;2,02E+11;0.319;;;;;;;;;;
Y6224010;H;2,02E+11;0.318;;;;;;;;;;
Y6224010;H;2,02E+11;0.322;;;;;;;;;;
Y6224010;H;2,02E+11;0.319;;;;;;;;;;
Y6224010;H;2,02E+11;0.317;;;;;;;;;;
Y6224010;H;2,02E+11;0.320;;;;;;;;;;
Y6224010;H;2,02E+11;0.319;;;;;;;;;;
Y6224010;H;2,02E+11;0.321;;;;;;;;;;
Y6224010;H;2,02E+11;0.317;;;;;;;;;;
Y6224010;H;2,02E+11;0.320;;;;;;;;;;
Y6224010;H;2,02E+11;0.313;;;;;;;;;;
Y6224010;H;2,02E+11;0.316;;;;;;;;;;
Y6224010;H;2,02E+11;0.317;;;;;;;;;;
Y6224010;H;2,02E+11;0.311;;;;;;;;;;
Y6224010;H;2,02E+11;0.314;;;;;;;;;;
Y6224010;H;2,02E+11;0.312;;;;;;;;;;
Y6224010;H;2,02E+11;0.311;;;;;;;;;;
Y6224010;H;2,02E+11;0.315;;;;;;;;;;
Y6224010;H;2,02E+11;0.317;;;;;;;;;;
Y6224010;H;2,02E+11;0.307;;;;;;;;;;
Y6224010;H;2,02E+11;0.312;;;;;;;;;;
Y6224010;H;2,02E+11;0.308;;;;;;;;;;
Y6224010;H;2,02E+11;0.316;;;;;;;;;;
Y6224010;H;2,02E+11;0.310;;;;;;;;;;
Y6224010;H;2,02E+11;0.309;;;;;;;;;;
Y6224010;H;2,02E+11;0.314;;;;;;;;;;
Y6224010;H;2,02E+11;0.308;;;;;;;;;;
Y6224010;H;2,02E+11;0.308;;;;;;;;;;
Y6224010;H;2,02E+11;0.308;;;;;;;;;;
Y6224010;H;2,02E+11;0.303;;;;;;;;;;
Y6224010;H;2,02E+11;0.309;;;;;;;;;;
Y6224010;H;2,02E+11;0.308;;;;;;;;;;
Y6224010;H;2,02E+11;0.306;;;;;;;;;;
Y6224010;H;2,02E+11;0.308;;;;;;;;;;
Y6224010;H;2,02E+11;0.310;;;;;;;;;;
Y6224010;H;2,02E+11;0.306;;;;;;;;;;
Y6224010;H;2,02E+11;0.304;;;;;;;;;;
Y6224010;H;2,02E+11;0.309;;;;;;;;;;
Y6224010;H;2,02E+11;0.309;;;;;;;;;;
Y6224010;H;2,02E+11;0.309;;;;;;;;;;
Y6224010;H;2,02E+11;0.307;;;;;;;;;;
Y6442022;H;2,02E+11;0.227;;;;;;;;;;
Y6442022;H;2,02E+11;0.233;;;;;;;;;;
Y6442022;H;2,02E+11;0.212;;;;;;;;;;
Y6442022;H;2,02E+11;0.213;;;;;;;;;;
Y6442022;H;2,02E+11;0.200;;;;;;;;;;
Y6442022;H;2,02E+11;0.203;;;;;;;;;;
Y6442022;H;2,02E+11;0.225;;;;;;;;;;
Y6442022;H;2,02E+11;0.213;;;;;;;;;;
Y6442022;H;2,02E+11;0.211;;;;;;;;;;
Y6442022;H;2,02E+11;0.251;;;;;;;;;;
Y6442022;H;2,02E+11;0.232;;;;;;;;;;
Y6442022;H;2,02E+11;0.206;;;;;;;;;;
Y6442022;H;2,02E+11;0.208;;;;;;;;;;
Y6442022;H;2,02E+11;0.212;;;;;;;;;;
Y6442022;H;2,02E+11;0.213;;;;;;;;;;
Y6442022;H;2,02E+11;0.258;;;;;;;;;;
Y6442022;H;2,02E+11;0.238;;;;;;;;;;
Y6442022;H;2,02E+11;0.221;;;;;;;;;;
Y6442022;H;2,02E+11;0.225;;;;;;;;;;
Y6442022;H;2,02E+11;0.216;;;;;;;;;;
Y6442022;H;2,02E+11;0.222;;;;;;;;;;
Y6442022;H;2,02E+11;0.223;;;;;;;;;;
Y6442022;H;2,02E+11;0.206;;;;;;;;;;
Y6442022;H;2,02E+11;0.215;;;;;;;;;;
Y6442022;H;2,02E+11;0.214;;;;;;;;;;
Y6442022;H;2,02E+11;0.201;;;;;;;;;;
Y6442022;H;2,02E+11;0.210;;;;;;;;;;
Y6442022;H;2,02E+11;0.224;;;;;;;;;;
Y6442022;H;2,02E+11;0.207;;;;;;;;;;
Y6442022;H;2,02E+11;0.201;;;;;;;;;;
Y6442022;H;2,02E+11;0.201;;;;;;;;;;
Y6442022;H;2,02E+11;0.199;;;;;;;;;;
Y6442022;H;2,02E+11;0.215;;;;;;;;;;
Y6442022;H;2,02E+11;0.203;;;;;;;;;;
Y6442022;H;2,02E+11;0.197;;;;;;;;;;
Y6442022;H;2,02E+11;0.218;;;;;;;;;;
Y6442022;H;2,02E+11;0.203;;;;;;;;;;
Y6442022;H;2,02E+11;0.190;;;;;;;;;;
Y6442022;H;2,02E+11;0.207;;;;;;;;;;
Y6442022;H;2,02E+11;0.206;;;;;;;;;;
Y6442022;H;2,02E+11;0.203;;;;;;;;;;
Y6442022;H;2,02E+11;0.206;;;;;;;;;;
Y6442022;H;2,02E+11;0.217;;;;;;;;;;
Y6442022;H;2,02E+11;0.220;;;;;;;;;;
Y6442022;H;2,02E+11;0.215;;;;;;;;;;
Y6442022;H;2,02E+11;0.198;;;;;;;;;;
Y6442022;H;2,02E+11;0.225;;;;;;;;;;
Y6442022;H;2,02E+11;0.213;;;;;;;;;;
Y6442022;H;2,02E+11;0.194;;;;;;;;;;
Y6442022;H;2,02E+11;0.206;;;;;;;;;;
Y6442022;H;2,02E+11;0.212;;;;;;;;;;
Y6442022;H;2,02E+11;0.197;;;;;;;;;;
Y6442022;H;2,02E+11;0.213;;;;;;;;;;
Y6442022;H;2,02E+11;0.215;;;;;;;;;;
Y6442022;H;2,02E+11;0.196;;;;;;;;;;
Y6442022;H;2,02E+11;0.208;;;;;;;;;;
Y6442022;H;2,02E+11;0.207;;;;;;;;;;
Y6442022;H;2,02E+11;0.189;;;;;;;;;;
Y6442022;H;2,02E+11;0.197;;;;;;;;;;
Y6442022;H;2,02E+11;0.215;;;;;;;;;;
Y6442022;H;2,02E+11;0.192;;;;;;;;;;
Y6442022;H;2,02E+11;0.191;;;;;;;;;;
Y6442022;H;2,02E+11;0.208;;;;;;;;;;
Y6442022;H;2,02E+11;0.201;;;;;;;;;;
Y6442022;H;2,02E+11;0.186;;;;;;;;;;
Y6442022;H;2,02E+11;0.196;;;;;;;;;;
Y6442022;H;2,02E+11;0.205;;;;;;;;;;
Y6442022;H;2,02E+11;0.197;;;;;;;;;;
Y6442022;H;2,02E+11;0.197;;;;;;;;;;
Y6442022;H;2,02E+11;0.198;;;;;;;;;;
Y6442022;H;2,02E+11;0.198;;;;;;;;;;
Y6442022;H;2,02E+11;0.189;;;;;;;;;;
Y6442022;H;2,02E+11;0.192;;;;;;;;;;
Y6442022;H;2,02E+11;0.198;;;;;;;;;;
Y6442022;H;2,02E+11;0.197;;;;;;;;;;
Y6442022;H;2,02E+11;0.184;;;;;;;;;;
Y6442022;H;2,02E+11;0.197;;;;;;;;;;
Y6442022;H;2,02E+11;0.203;;;;;;;;;;
Y6442022;H;2,02E+11;0.190;;;;;;;;;;
Y6442022;H;2,02E+11;0.184;;;;;;;;;;
Y6442022;H;2,02E+11;0.194;;;;;;;;;;
Y6442022;H;2,02E+11;0.191;;;;;;;;;;
Y6442022;H;2,02E+11;0.176;;;;;;;;;;
Y6442022;H;2,02E+11;0.197;;;;;;;;;;
Y6442022;H;2,02E+11;0.203;;;;;;;;;;
Y6442022;H;2,02E+11;0.214;;;;;;;;;;
Y6442022;H;2,02E+11;0.408;;;;;;;;;;
Y6442022;H;2,02E+11;0.408;;;;;;;;;;
Y6442022;H;2,02E+11;0.352;;;;;;;;;;
Y6442022;H;2,02E+11;0.299;;;;;;;;;;
Y6442022;H;2,02E+11;0.268;;;;;;;;;;
Y6442022;H;2,02E+11;0.255;;;;;;;;;;
Y6442022;H;2,02E+11;0.240;;;;;;;;;;
Y6442022;H;2,02E+11;0.232;;;;;;;;;;
Y6442022;H;2,02E+11;0.220;;;;;;;;;;
Y6434010;H;2,02E+11;0.264;;;;;;;;;;
Y6434010;H;2,02E+11;0.264;;;;;;;;;;
Y6434010;H;2,02E+11;0.264;;;;;;;;;;
Y6434010;H;2,02E+11;0.262;;;;;;;;;;
Y6434010;H;2,02E+11;0.262;;;;;;;;;;
Y6434010;H;2,02E+11;0.262;;;;;;;;;;
Y6434010;H;2,02E+11;0.262;;;;;;;;;;
Y6434010;H;2,02E+11;0.262;;;;;;;;;;
Y6434010;H;2,02E+11;0.262;;;;;;;;;;
Y6434010;H;2,02E+11;0.262;;;;;;;;;;
Y6434010;H;2,02E+11;0.259;;;;;;;;;;
Y6434010;H;2,02E+11;0.261;;;;;;;;;;
Y6434010;H;2,02E+11;0.261;;;;;;;;;;
Y6434010;H;2,02E+11;0.261;;;;;;;;;;
Y6434010;H;2,02E+11;0.261;;;;;;;;;;
Y6434010;H;2,02E+11;0.259;;;;;;;;;;
Y6434010;H;2,02E+11;0.259;;;;;;;;;;
Y6434010;H;2,02E+11;0.259;;;;;;;;;;
Y6434010;H;2,02E+11;0.259;;;;;;;;;;
Y6434010;H;2,02E+11;0.259;;;;;;;;;;
Y6434010;H;2,02E+11;0.259;;;;;;;;;;
Y6434010;H;2,02E+11;0.259;;;;;;;;;;
Y6434010;H;2,02E+11;0.259;;;;;;;;;;
Y6434010;H;2,02E+11;0.259;;;;;;;;;;
Y6434010;H;2,02E+11;0.257;;;;;;;;;;
Y6434010;H;2,02E+11;0.257;;;;;;;;;;
Y6434010;H;2,02E+11;0.257;;;;;;;;;;
Y6434010;H;2,02E+11;0.257;;;;;;;;;;
Y6434010;H;2,02E+11;0.257;;;;;;;;;;
Y6434010;H;2,02E+11;0.257;;;;;;;;;;
Y6434010;H;2,02E+11;0.257;;;;;;;;;;
Y6434010;H;2,02E+11;0.256;;;;;;;;;;
Y6434010;H;2,02E+11;0.255;;;;;;;;;;
Y6434010;H;2,02E+11;0.256;;;;;;;;;;
Y6434010;H;2,02E+11;0.256;;;;;;;;;;
Y6434010;H;2,02E+11;0.256;;;;;;;;;;
Y6434010;H;2,02E+11;0.256;;;;;;;;;;
Y6434010;H;2,02E+11;0.255;;;;;;;;;;
Y6434010;H;2,02E+11;0.255;;;;;;;;;;
Y6434010;H;2,02E+11;0.254;;;;;;;;;;
Y6434010;H;2,02E+11;0.254;;;;;;;;;;
Y6434010;H;2,02E+11;0.256;;;;;;;;;;
Y6434010;H;2,02E+11;0.255;;;;;;;;;;
Y6434010;H;2,02E+11;0.256;;;;;;;;;;
Y6434010;H;2,02E+11;0.255;;;;;;;;;;
Y6434010;H;2,02E+11;0.255;;;;;;;;;;
Y6434010;H;2,02E+11;0.254;;;;;;;;;;
Y6434010;H;2,02E+11;0.254;;;;;;;;;;
Y6434010;H;2,02E+11;0.254;;;;;;;;;;
Y6434010;H;2,02E+11;0.252;;;;;;;;;;
Y6434010;H;2,02E+11;0.252;;;;;;;;;;
Y6434010;H;2,02E+11;0.252;;;;;;;;;;
Y6434010;H;2,02E+11;0.252;;;;;;;;;;
Y6434010;H;2,02E+11;0.252;;;;;;;;;;
Y6434010;H;2,02E+11;0.251;;;;;;;;;;
Y6434010;H;2,02E+11;0.251;;;;;;;;;;
Y6434010;H;2,02E+11;0.251;;;;;;;;;;
Y6434010;H;2,02E+11;0.252;;;;;;;;;;
Y6434010;H;2,02E+11;0.252;;;;;;;;;;
Y6434010;H;2,02E+11;0.251;;;;;;;;;;
Y6434010;H;2,02E+11;0.251;;;;;;;;;;
Y6434010;H;2,02E+11;0.251;;;;;;;;;;
Y6434010;H;2,02E+11;0.252;;;;;;;;;;
Y6434010;H;2,02E+11;0.252;;;;;;;;;;
Y6434010;H;2,02E+11;0.252;;;;;;;;;;
Y6434010;H;2,02E+11;0.251;;;;;;;;;;
Y6434010;H;2,02E+11;0.251;;;;;;;;;;
Y6434010;H;2,02E+11;0.251;;;;;;;;;;
Y6434010;H;2,02E+11;0.251;;;;;;;;;;
Y6434010;H;2,02E+11;0.250;;;;;;;;;;
Y6434010;H;2,02E+11;0.250;;;;;;;;;;
Y6434010;H;2,02E+11;0.249;;;;;;;;;;
Y6434010;H;2,02E+11;0.249;;;;;;;;;;
Y6434010;H;2,02E+11;0.247;;;;;;;;;;
Y6434010;H;2,02E+11;0.247;;;;;;;;;;
Y6434010;H;2,02E+11;0.249;;;;;;;;;;
Y6434010;H;2,02E+11;0.249;;;;;;;;;;
Y6434010;H;2,02E+11;0.249;;;;;;;;;;
Y6434010;H;2,02E+11;0.249;;;;;;;;;;
Y6434010;H;2,02E+11;0.247;;;;;;;;;;
Y6434010;H;2,02E+11;0.247;;;;;;;;;;
Y6434010;H;2,02E+11;0.249;;;;;;;;;;
Y6434010;H;2,02E+11;0.249;;;;;;;;;;
Y6434010;H;2,02E+11;0.249;;;;;;;;;;
Y6434010;H;2,02E+11;0.249;;;;;;;;;;
Y6434010;H;2,02E+11;0.249;;;;;;;;;;
Y6434010;H;2,02E+11;0.247;;;;;;;;;;
Y6434010;H;2,02E+11;0.247;;;;;;;;;;
Y6434010;H;2,02E+11;0.247;;;;;;;;;;
Y6434010;H;2,02E+11;0.246;;;;;;;;;;
Y6434010;H;2,02E+11;0.246;;;;;;;;;;
Y6434010;H;2,02E+11;0.245;;;;;;;;;;
Y6434010;H;2,02E+11;0.244;;;;;;;;;;
Y6434010;H;2,02E+11;0.245;;;;;;;;;;
Y6434010;H;2,02E+11;0.245;;;;;;;;;;
Y6442010;H;2,02E+11;0.382;;;;;;;;;;
Y6442010;H;2,02E+11;0.381;;;;;;;;;;
Y6442010;H;2,02E+11;0.360;;;;;;;;;;
Y6442010;H;2,02E+11;0.363;;;;;;;;;;
Y6442010;H;2,02E+11;0.348;;;;;;;;;;
Y6442010;H;2,02E+11;0.339;;;;;;;;;;
Y6442010;H;2,02E+11;0.377;;;;;;;;;;
Y6442010;H;2,02E+11;0.360;;;;;;;;;;
Y6442010;H;2,02E+11;0.365;;;;;;;;;;
Y6442010;H;2,02E+11;0.415;;;;;;;;;;
Y6442010;H;2,02E+11;0.397;;;;;;;;;;
Y6442010;H;2,02E+11;0.356;;;;;;;;;;
Y6442010;H;2,02E+11;0.357;;;;;;;;;;
Y6442010;H;2,02E+11;0.355;;;;;;;;;;
Y6442010;H;2,02E+11;0.371;;;;;;;;;;
Y6442010;H;2,02E+11;0.415;;;;;;;;;;
Y6442010;H;2,02E+11;0.393;;;;;;;;;;
Y6442010;H;2,02E+11;0.366;;;;;;;;;;
Y6442010;H;2,02E+11;0.381;;;;;;;;;;
Y6442010;H;2,02E+11;0.365;;;;;;;;;;
Y6442010;H;2,02E+11;0.374;;;;;;;;;;
Y6442010;H;2,02E+11;0.378;;;;;;;;;;
Y6442010;H;2,02E+11;0.352;;;;;;;;;;
Y6442010;H;2,02E+11;0.359;;;;;;;;;;
Y6442010;H;2,02E+11;0.367;;;;;;;;;;
Y6442010;H;2,02E+11;0.347;;;;;;;;;;
Y6442010;H;2,02E+11;0.365;;;;;;;;;;
Y6442010;H;2,02E+11;0.376;;;;;;;;;;
Y6442010;H;2,02E+11;0.355;;;;;;;;;;
Y6442010;H;2,02E+11;0.345;;;;;;;;;;
Y6442010;H;2,02E+11;0.342;;;;;;;;;;
Y6442010;H;2,02E+11;0.342;;;;;;;;;;
Y6442010;H;2,02E+11;0.369;;;;;;;;;;
Y6442010;H;2,02E+11;0.352;;;;;;;;;;
Y6442010;H;2,02E+11;0.342;;;;;;;;;;
Y6442010;H;2,02E+11;0.369;;;;;;;;;;
Y6442010;H;2,02E+11;0.349;;;;;;;;;;
Y6442010;H;2,02E+11;0.329;;;;;;;;;;
Y6442010;H;2,02E+11;0.355;;;;;;;;;;
Y6442010;H;2,02E+11;0.356;;;;;;;;;;
Y6442010;H;2,02E+11;0.343;;;;;;;;;;
Y6442010;H;2,02E+11;0.353;;;;;;;;;;
Y6442010;H;2,02E+11;0.363;;;;;;;;;;
Y6442010;H;2,02E+11;0.367;;;;;;;;;;
Y6442010;H;2,02E+11;0.354;;;;;;;;;;
Y6442010;H;2,02E+11;0.339;;;;;;;;;;
Y6442010;H;2,02E+11;0.376;;;;;;;;;;
Y6442010;H;2,02E+11;0.363;;;;;;;;;;
Y6442010;H;2,02E+11;0.334;;;;;;;;;;
Y6442010;H;2,02E+11;0.358;;;;;;;;;;
Y6442010;H;2,02E+11;0.359;;;;;;;;;;
Y6442010;H;2,02E+11;0.338;;;;;;;;;;
Y6442010;H;2,02E+11;0.365;;;;;;;;;;
Y6442010;H;2,02E+11;0.357;;;;;;;;;;
Y6442010;H;2,02E+11;0.330;;;;;;;;;;
Y6442010;H;2,02E+11;0.352;;;;;;;;;;
Y6442010;H;2,02E+11;0.356;;;;;;;;;;
Y6442010;H;2,02E+11;0.330;;;;;;;;;;
Y6442010;H;2,02E+11;0.336;;;;;;;;;;
Y6442010;H;2,02E+11;0.353;;;;;;;;;;
Y6442010;H;2,02E+11;0.330;;;;;;;;;;
Y6442010;H;2,02E+11;0.330;;;;;;;;;;
Y6442010;H;2,02E+11;0.357;;;;;;;;;;
Y6442010;H;2,02E+11;0.339;;;;;;;;;;
Y6442010;H;2,02E+11;0.321;;;;;;;;;;
Y6442010;H;2,02E+11;0.339;;;;;;;;;;
Y6442010;H;2,02E+11;0.352;;;;;;;;;;
Y6442010;H;2,02E+11;0.338;;;;;;;;;;
Y6442010;H;2,02E+11;0.337;;;;;;;;;;
Y6442010;H;2,02E+11;0.340;;;;;;;;;;
Y6442010;H;2,02E+11;0.335;;;;;;;;;;
Y6442010;H;2,02E+11;0.327;;;;;;;;;;
Y6442010;H;2,02E+11;0.333;;;;;;;;;;
Y6442010;H;2,02E+11;0.346;;;;;;;;;;
Y6442010;H;2,02E+11;0.338;;;;;;;;;;
Y6442010;H;2,02E+11;0.321;;;;;;;;;;
Y6442010;H;2,02E+11;0.337;;;;;;;;;;
Y6442010;H;2,02E+11;0.348;;;;;;;;;;
Y6442010;H;2,02E+11;0.329;;;;;;;;;;
Y6442010;H;2,02E+11;0.321;;;;;;;;;;
Y6442010;H;2,02E+11;0.334;;;;;;;;;;
Y6442010;H;2,02E+11;0.329;;;;;;;;;;
Y6442010;H;2,02E+11;0.314;;;;;;;;;;
Y6442010;H;2,02E+11;0.335;;;;;;;;;;
Y6442010;H;2,02E+11;0.342;;;;;;;;;;
Y6442010;H;2,02E+11;0.363;;;;;;;;;;
Y6442010;H;2,02E+11;0.500;;;;;;;;;;
Y6442010;H;2,02E+11;0.577;;;;;;;;;;
Y6442010;H;2,02E+11;0.508;;;;;;;;;;
Y6442010;H;2,02E+11;0.457;;;;;;;;;;
Y6442010;H;2,02E+11;0.433;;;;;;;;;;
Y6442010;H;2,02E+11;0.410;;;;;;;;;;
Y6442010;H;2,02E+11;0.402;;;;;;;;;;
Y6442010;H;2,02E+11;0.384;;;;;;;;;;
Y6442010;H;2,02E+11;0.370;;;;;;;;;;
Y6234020;H;2,02E+11;0.828;;;;;;;;;;
Y6234020;H;2,02E+11;0.825;;;;;;;;;;
Y6234020;H;2,02E+11;0.832;;;;;;;;;;
Y6234020;H;2,02E+11;0.821;;;;;;;;;;
Y6234020;H;2,02E+11;0.837;;;;;;;;;;
Y6234020;H;2,02E+11;0.832;;;;;;;;;;
Y6234020;H;2,02E+11;0.832;;;;;;;;;;
Y6234020;H;2,02E+11;0.829;;;;;;;;;;
Y6234020;H;2,02E+11;0.829;;;;;;;;;;
Y6234020;H;2,02E+11;0.832;;;;;;;;;;
Y6234020;H;2,02E+11;0.832;;;;;;;;;;
Y6234020;H;2,02E+11;0.835;;;;;;;;;;
Y6234020;H;2,02E+11;0.835;;;;;;;;;;
Y6234020;H;2,02E+11;0.835;;;;;;;;;;
Y6234020;H;2,02E+11;0.837;;;;;;;;;;
Y6234020;H;2,02E+11;0.843;;;;;;;;;;
Y6234020;H;2,02E+11;0.844;;;;;;;;;;
Y6234020;H;2,02E+11;0.841;;;;;;;;;;
Y6234020;H;2,02E+11;0.829;;;;;;;;;;
Y6234020;H;2,02E+11;0.825;;;;;;;;;;
Y6234020;H;2,02E+11;0.825;;;;;;;;;;
Y6234020;H;2,02E+11;0.843;;;;;;;;;;
Y6234020;H;2,02E+11;0.844;;;;;;;;;;
Y6234020;H;2,02E+11;0.829;;;;;;;;;;
Y6234020;H;2,02E+11;0.825;;;;;;;;;;
Y6234020;H;2,02E+11;0.828;;;;;;;;;;
Y6234020;H;2,02E+11;0.837;;;;;;;;;;
Y6234020;H;2,02E+11;0.837;;;;;;;;;;
Y6234020;H;2,02E+11;0.840;;;;;;;;;;
Y6234020;H;2,02E+11;0.837;;;;;;;;;;
Y6234020;H;2,02E+11;0.837;;;;;;;;;;
Y6234020;H;2,02E+11;0.837;;;;;;;;;;
Y6234020;H;2,02E+11;0.837;;;;;;;;;;
Y6234020;H;2,02E+11;0.835;;;;;;;;;;
Y6234020;H;2,02E+11;0.837;;;;;;;;;;
Y6234020;H;2,02E+11;0.837;;;;;;;;;;
Y6234020;H;2,02E+11;0.837;;;;;;;;;;
Y6234020;H;2,02E+11;0.837;;;;;;;;;;
Y6234020;H;2,02E+11;0.837;;;;;;;;;;
Y6234020;H;2,02E+11;0.837;;;;;;;;;;
Y6234020;H;2,02E+11;0.837;;;;;;;;;;
Y6234020;H;2,02E+11;0.837;;;;;;;;;;
Y6234020;H;2,02E+11;0.840;;;;;;;;;;
Y6234020;H;2,02E+11;0.844;;;;;;;;;;
Y6234020;H;2,02E+11;0.843;;;;;;;;;;
Y6234020;H;2,02E+11;0.840;;;;;;;;;;
Y6234020;H;2,02E+11;0.837;;;;;;;;;;
Y6234020;H;2,02E+11;0.837;;;;;;;;;;
Y6234020;H;2,02E+11;0.837;;;;;;;;;;
Y6234020;H;2,02E+11;0.837;;;;;;;;;;
Y6234020;H;2,02E+11;0.835;;;;;;;;;;
Y6234020;H;2,02E+11;0.837;;;;;;;;;;
Y6234020;H;2,02E+11;0.837;;;;;;;;;;
Y6234020;H;2,02E+11;0.837;;;;;;;;;;
Y6234020;H;2,02E+11;0.835;;;;;;;;;;
Y6234020;H;2,02E+11;0.837;;;;;;;;;;
Y6234020;H;2,02E+11;0.835;;;;;;;;;;
Y6234020;H;2,02E+11;0.835;;;;;;;;;;
Y6234020;H;2,02E+11;0.835;;;;;;;;;;
Y6234020;H;2,02E+11;0.837;;;;;;;;;;
Y6234020;H;2,02E+11;0.837;;;;;;;;;;
Y6234020;H;2,02E+11;0.837;;;;;;;;;;
Y6234020;H;2,02E+11;0.837;;;;;;;;;;
Y6234020;H;2,02E+11;0.837;;;;;;;;;;
Y6234020;H;2,02E+11;0.837;;;;;;;;;;
Y6234020;H;2,02E+11;0.837;;;;;;;;;;
Y6234020;H;2,02E+11;0.840;;;;;;;;;;
Y6234020;H;2,02E+11;0.840;;;;;;;;;;
Y6234020;H;2,02E+11;0.840;;;;;;;;;;
Y6234020;H;2,02E+11;0.840;;;;;;;;;;
Y6234020;H;2,02E+11;0.840;;;;;;;;;;
Y6234020;H;2,02E+11;0.840;;;;;;;;;;
Y6234020;H;2,02E+11;0.840;;;;;;;;;;
Y6234020;H;2,02E+11;0.840;;;;;;;;;;
Y6234020;H;2,02E+11;0.840;;;;;;;;;;
Y6234020;H;2,02E+11;0.841;;;;;;;;;;
Y6234020;H;2,02E+11;0.841;;;;;;;;;;
Y6234020;H;2,02E+11;0.841;;;;;;;;;;
Y6234020;H;2,02E+11;0.841;;;;;;;;;;
Y6234020;H;2,02E+11;0.841;;;;;;;;;;
Y6234020;H;2,02E+11;0.841;;;;;;;;;;
Y6234020;H;2,02E+11;0.840;;;;;;;;;;
Y6234020;H;2,02E+11;0.840;;;;;;;;;;
Y6234020;H;2,02E+11;0.840;;;;;;;;;;
Y6234020;H;2,02E+11;0.840;;;;;;;;;;
Y6234020;H;2,02E+11;0.840;;;;;;;;;;
Y6234020;H;2,02E+11;0.837;;;;;;;;;;
Y6234020;H;2,02E+11;0.840;;;;;;;;;;
Y6234020;H;2,02E+11;0.837;;;;;;;;;;
Y6234020;H;2,02E+11;0.835;;;;;;;;;;
Y6234020;H;2,02E+11;0.837;;;;;;;;;;
Y6234020;H;2,02E+11;0.835;;;;;;;;;;
Y6234020;H;2,02E+11;0.835;;;;;;;;;;
Y6234020;H;2,02E+11;0.835;;;;;;;;;;
Y6234020;H;2,02E+11;0.835;;;;;;;;;;
